userSiteCode,name,latitude,longitude,altitude,flags,n_flags,suggestion,status
UGSX1WpWx,Agia,35.475978,23.933392,,OUT_OF_REGION,1,{},REVIEW
UGSS4z213,Lambro,45.471108,9.254725,,OK,0,{},OK
UGSSBMmgU,Stadtpark,48.204152,16.380199,,OUT_OF_REGION,1,{},REVIEW
UGStBkoSm,test,40.040774,-8.475168,,JUNK_NAME,1,{},REVIEW
UGStmVWWn,test123,40.032283,-8.782165,,JUNK_NAME,1,{},REVIEW
UGSArEP18,Akontisma,40.961041,24.527342,,OUT_OF_REGION,1,{},REVIEW
UGSZuD8F7,Real - Braga,41.560944,-8.443169,,OK,0,{},OK
UGS7gtL8d,Kavala,40.941755,24.399868,,OUT_OF_REGION,1,{},REVIEW
UGSZjDx1W,Koronia,40.667883,23.186052,,OUT_OF_REGION,1,{},REVIEW
UGSEXfb1I,Touzla,40.798473,23.856544,,OUT_OF_REGION,1,{},REVIEW
UGSB8cz3k,Kerdylia,40.798738,23.861813,,OUT_OF_REGION,1,{},REVIEW
UGSnrixRa,Guarda test,40.545878,-7.28215,,JUNK_NAME,1,{},REVIEW
UGSsuJ6nn,Kefalari,41.06342,24.266461,,OUT_OF_REGION,1,{},REVIEW
UGSVqeDpq,Talaide,38.737691,-9.310691,,OK,0,{},OK
UGSFWYk7c,Mournies,35.483533,24.006243,,OUT_OF_REGION,1,{},REVIEW
UGSacbzEZ,Test,38.737399,-9.314856,,JUNK_NAME,1,{},REVIEW
UGSRrw2lz,Besós River - Sant Adriá de Besos,41.430169,2.214458,,OK,0,{},OK
UGSiz2TsV,Wien Kanal,48.185713,16.32088,,OUT_OF_REGION,1,{},REVIEW
UGSPy0wEl,Lievegem1,51.093639,3.58342,,OK,0,{},OK
UGSjGAqoM,Le Rionzi,46.53904,6.629157,,OK,0,{},OK
UGS8FKgH1,Rio Uíma,41.013122,-8.501971,,OK,0,{},OK
UGSaLGbB5,Scheldt 1,51.004278,3.805355,,OK,0,{},OK
UGSXyzgb2,Random,51.167392,3.769811,,JUNK_NAME,1,{},REVIEW
UGSXAf9Oo,fgdgh,50.713695,11.056517,,JUNK_NAME|OUT_OF_REGION,2,{},REVIEW
UGSfkgDW8,Coupure links,51.053453,3.709566,,OK,0,{},OK
UGStMFsfY,Almyros,35.333717,25.047975,,OUT_OF_REGION,1,{},REVIEW
UGSWeRnWd,Gazanos,35.336333,25.065696,,OUT_OF_REGION,1,{},REVIEW
UGS26BuwM,Amygdaleonas,41.000256,24.304003,,OUT_OF_REGION,1,{},REVIEW
UGSjdeatH,Ribeira dos Fornos,40.268752,-8.436633,,DUPLICATE,1,{},REVIEW
UGSHywCgu,Ribeira Vilela,40.268631,-8.436751,,DUPLICATE,1,{},REVIEW
UGSd4wTJX,Ponte de Vilela,39.9361,-7.105286,,OK,0,{},OK
UGSo1AT7j,Ponte de Vilela,40.270562,-8.434539,,OK,0,{},OK
UGSPSCY1s,san joaquin river,37.981565,-121.386144,,OUT_OF_REGION,1,{},REVIEW
UGSskmrPI,Astrikas,35.46449,23.743953,,OUT_OF_REGION,1,{},REVIEW
UGSUA57Uj,San Leandro Creek,37.732402,-122.198479,,OUT_OF_REGION,1,{},REVIEW
UGSQYf5EG,le riou,43.662072,1.391507,,OK,0,{},OK
UGSW5WcAz,X1,51.15267,3.594376,,JUNK_NAME,1,{},REVIEW
UGS29TcnV,Test1,51.177555,3.532602,,JUNK_NAME,1,{},REVIEW
UGSkandnG,Site 1,50.792787,3.762502,,OK,0,{},OK
UGSBgOAh8,Site1,50.784256,3.758324,,DUPLICATE,1,{},REVIEW
UGSKKBvfO,Zwalm_s1,50.784301,3.758301,,DUPLICATE,1,{},REVIEW
UGSLcwfcB,Site 1,50.784328,3.758265,,DUPLICATE,1,{},REVIEW
UGSwz2GMc,Zwalm upstream ww -group2,50.813456,3.779935,,DUPLICATE,1,{},REVIEW
UGS59yl0D,Zwalmbeek before WTP,50.813472,3.779873,,DUPLICATE,1,{},REVIEW
UGSvn71Y7,Zwalm upstream WWTP,50.813445,3.779922,,DUPLICATE,1,{},REVIEW
UGSFK50dH,Site 3,50.813471,3.779874,,DUPLICATE,1,{},REVIEW
UGSplbYR5,Site 2,50.813441,3.779926,,DUPLICATE,1,{},REVIEW
UGSP5B2qU,Site 3,50.813886,3.78076,,DUPLICATE,1,{},REVIEW
UGSF1TFCD,Site 3,50.813916,3.780776,,DUPLICATE,1,{},REVIEW
UGSDKCnq9,Site 3,50.814015,3.780589,,DUPLICATE,1,{},REVIEW
UGSfGAXxj,Site 3,50.814014,3.780882,,DUPLICATE,1,{},REVIEW
UGSv85okM,Site 3,50.811727,3.783849,,OK,0,{},OK
UGSYR4SQX,Site 32,50.814014,3.780882,,DUPLICATE,1,{},REVIEW
UGS73LhGl,Site 3,50.813729,3.780665,,DUPLICATE,1,{},REVIEW
UGSSySekY,Site 2,50.813446,3.77994,,DUPLICATE,1,{},REVIEW
UGSdbQb6H,Zwalm,3.714075,50.883987,,LIKELY_SWAPPED,1,"{'swapped_latlon': (50.883987, 3.714075)}",REVIEW
UGSUvoWHe,S4,50.883788,3.713794,,JUNK_NAME,1,{},REVIEW
UGSjTwRi0,Ijzerkotmolen,50.883798,3.714345,,OK,0,{},OK
UGS63tiC9,San Jose,37.33548,-121.893028,,OUT_OF_REGION,1,{},REVIEW
UGSNzMF7a,Riacho UTFPR Ecoville,-25.443198,-49.354184,,OUT_OF_REGION,1,{},REVIEW
UGSamiVjV,Ribeirão do Mueller,-25.436872,-49.359575,,OUT_OF_REGION,1,{},REVIEW
UGSBNcqbs,Rio Pilarzinho,-49.274376,-25.414426,,OUT_OF_REGION|DUPLICATE,2,{},REVIEW
UGScPO0Op,PR1 MATINHOS,-25.8122,-48.53651,,OUT_OF_REGION,1,{},REVIEW
UGSBFJAIQ,"Rio Iguaçu, próximo a Ponte Manoel Ribas - União da Vitória",-26.217,-51.0971,,OUT_OF_REGION,1,{},REVIEW
UGSJpSkVB,Rio Lava Pés,-25.554714,-49.187469,,OUT_OF_REGION,1,{},REVIEW
UGSvPgGh8,Rio Pilarzinho,-49.274376,-25.414426,,OUT_OF_REGION|DUPLICATE,2,{},REVIEW
UGSnUJXcd,Fountain Creek - Monument Valley Park,38.8523,-104.8289,,OUT_OF_REGION,1,{},REVIEW
UGS2ZyOzY,Monument Creek - Bijou Street,38.8365,-104.833,,OUT_OF_REGION,1,{},REVIEW
UGSKNF3j2,Cheyenne Creek - Stratton Park,38.7896,-104.841,,OUT_OF_REGION,1,{},REVIEW
UGSn0Jblk,Ribeirão Anicuns,-16.65402,-49.285598,,OUT_OF_REGION,1,{},REVIEW
UGS05o4PR,This site,22.652373,88.436423,,JUNK_NAME|OUT_OF_REGION,2,{},REVIEW
