,scaledPathogenRisk,scaledFecalRisk,scaledArgRisk,mean_abs
log_distanceToSewageStations,-0.05081999413411653,0.0,-0.0,0.01693999804470551
maxPrecipitationMm,0.04175821982047009,0.0,-0.0,0.013919406606823363
patchDensity50m,0.026735445657525815,0.0,0.0,0.008911815219175272
meanTemperatureC,0.014806545653993787,0.0,-0.00865223871117537,0.007819594788389719
urbanPct250m,-0.01779784686897345,0.0,0.0,0.0059326156229911504
patchDensity2000m,-0.00429736403488223,0.0,-0.01225719477151531,0.0055181862687991795
patchDensity1500m,-0.0,0.0,-0.010020697670661693,0.003340232556887231
urbanPct2000m,-0.0,0.0,0.009849749748589235,0.003283249916196412
imperviousPct1500m,0.009826324913123068,0.0,0.0,0.003275441637707689
patchDensity500m,-0.00611660591309535,0.0,-0.0,0.00203886863769845
urbanPct1500m,-0.0,0.0,0.0042235510809092765,0.0014078503603030923
patchDensityVeg750m,-0.0,0.0,0.0026576495524425117,0.0008858831841475038
vegCoverFrac50m,0.0,0.0,0.0024281623443324373,0.0008093874481108124
patchDensityVeg1000m,-0.0010444496784008314,0.0,-0.0,0.00034814989280027714
patchDensity250m,-0.0005002893199901772,0.0,0.0,0.0001667631066633924
vegCoverFrac100m,0.0,0.0,0.00039157147437547473,0.0001305238247918249
imperviousPct100m,0.0,0.0,-0.0,0.0
urbanPct50m,-0.0,0.0,-0.0,0.0
imperviousPct50m,-0.0,0.0,-0.0,0.0
imperviousPct1000m,0.0,0.0,0.0,0.0
imperviousPct750m,0.0,0.0,0.0,0.0
imperviousPct500m,0.0,0.0,-0.0,0.0
imperviousPct250m,0.0,0.0,-0.0,0.0
log_distanceToLivingStreetRoad,0.0,0.0,-0.0,0.0
log_distanceToMotorwayRoad,-0.0,0.0,-0.0,0.0
log_distanceToHospitals,-0.0,0.0,0.0,0.0
log_distChampCulture,-0.0,0.0,0.0,0.0
vegCoverFrac1000m,-0.0,0.0,0.0,0.0
vegCoverFrac750m,0.0,0.0,0.0,0.0
vegCoverFrac500m,0.0,0.0,0.0,0.0
vegCoverFrac250m,-0.0,0.0,0.0,0.0
urbanPct100m,-0.0,0.0,-0.0,0.0
urbanPct500m,-0.0,0.0,0.0,0.0
urbanPct750m,-0.0,0.0,0.0,0.0
urbanPct1000m,-0.0,0.0,0.0,0.0
imperviousPct2000m,0.0,0.0,0.0,0.0
patchDensityVeg500m,-0.0,0.0,0.0,0.0
patchDensityVeg50m,-0.0,0.0,0.0,0.0
patchDensityVeg1500m,-0.0,0.0,0.0,0.0
patchDensityVeg250m,0.0,0.0,0.0,0.0
patchDensityVeg100m,-0.0,0.0,0.0,0.0
vegCoverFrac1500m,-0.0,0.0,0.0,0.0
vegCoverFrac2000m,-0.0,0.0,0.0,0.0
patchDensity1000m,-0.0,0.0,-0.0,0.0
patchDensity750m,-0.0,0.0,0.0,0.0
patchDensityVeg2000m,-0.0,0.0,0.0,0.0
patchDensity100m,0.0,0.0,0.0,0.0
humanDensityProxy250m,-0.0,0.0,0.0,0.0
humanDensityProxy500m,0.0,0.0,0.0,0.0
humanDensityProxy50m,0.0,0.0,-0.0,0.0
humanDensityProxy100m,-0.0,0.0,-0.0,0.0
humanDensityProxy1000m,0.0,0.0,0.0,0.0
humanDensityProxy750m,0.0,0.0,0.0,0.0
humanDensityProxy2000m,0.0,0.0,0.0,0.0
humanDensityProxy1500m,0.0,0.0,0.0,0.0
maxTemperatureC,0.0,0.0,-0.0,0.0
meanPrecipitationMm,-0.0,0.0,0.0,0.0
nitrate_mgL,0.0,0.0,-0.0,0.0
altitude,0.0,0.0,-0.0,0.0
