siteCode,sites,health_risks,nitrates,urban_parameters,weather_summary,health_timeseries
BN1,True,True,True,True,True,True
BN10,True,True,True,True,True,True
BN11,True,True,True,True,True,True
BN12,True,True,True,True,True,True
BN13,True,True,True,True,True,True
BN14,True,True,False,True,True,True
BN15,True,True,True,True,True,True
BN16,True,True,True,True,True,True
BN17,True,True,True,True,True,True
BN18,True,True,True,True,True,True
BN19,True,True,True,True,True,True
BN2,True,True,True,True,True,True
BN20,True,True,True,True,True,True
BN3,True,True,True,True,True,True
BN4,True,True,True,True,True,True
BN5,True,True,True,True,True,True
BN6,True,True,True,True,True,True
BN7,True,True,True,True,True,True
BN8,True,True,True,True,True,True
BN9,True,True,True,True,True,True
C1,True,True,True,True,True,True
C10,True,True,True,True,True,True
C11,True,True,True,True,True,True
C12,True,True,True,True,True,True
C13,True,True,True,True,True,True
C14,True,True,True,True,True,True
C15,True,True,True,True,True,True
C16,True,True,True,True,True,True
C17,True,False,True,True,True,False
C18,True,False,True,True,True,False
C19,True,True,True,True,True,True
C2,True,True,True,True,True,True
C20,True,True,True,True,True,True
C3,True,True,True,True,True,True
C4,True,True,True,True,True,True
C5,True,True,True,True,True,True
C6,True,True,True,True,True,True
C7,True,True,True,True,True,True
C8,True,True,True,True,True,True
C9,True,True,True,True,True,True
G1,True,False,True,True,True,False
G10,True,True,True,True,True,True
G11,True,True,True,True,True,True
G12,True,True,True,True,True,True
G13,True,True,True,True,True,True
G14,True,True,True,True,True,True
G15,True,True,True,True,True,True
G16,True,True,True,True,True,True
G17,True,False,True,True,True,False
G18,True,False,True,True,True,False
G19,True,False,True,True,True,False
G2,True,True,True,True,True,True
G20,True,False,True,True,True,False
G21,True,True,True,True,True,True
G22,True,True,True,True,True,True
G3,True,True,True,True,True,True
G4,True,True,True,True,True,True
G5,True,True,True,True,True,True
G6,True,True,True,True,True,True
G7,True,True,True,True,True,True
G8,True,True,True,True,True,True
G9,True,True,True,True,True,True
O1,True,True,True,True,True,True
O10,True,True,True,True,True,True
O11,True,True,True,True,True,True
O12,True,True,True,True,True,True
O13,True,True,True,True,True,True
O14,True,True,True,True,True,True
O15,True,True,False,True,True,True
O16,True,True,True,True,True,True
O17,True,True,False,True,True,True
O18,True,True,True,True,True,True
O19,True,True,True,True,True,True
O2,True,True,True,True,True,True
O20,True,True,True,True,True,True
O3,True,True,True,True,True,True
O4,True,True,True,True,True,True
O5,True,True,True,True,True,True
O6,True,True,True,True,True,True
O7,True,True,True,True,True,True
O8,True,True,True,True,True,True
O9,True,True,True,True,True,True
T1,True,True,True,True,True,True
T10,True,True,True,True,True,True
T11,True,True,True,True,True,True
T12,True,True,True,True,True,True
T13,True,True,True,True,True,True
T14,True,True,True,True,True,True
T15,True,False,False,True,True,False
T16,True,True,True,True,True,True
T17,True,True,True,True,True,True
T18,True,True,True,True,True,True
T19,True,True,True,True,True,True
T2,True,True,True,True,True,True
T20,True,True,True,True,True,True
T21,True,False,False,False,True,False
T22,True,True,True,True,True,True
T24,True,False,False,False,True,False
T25,True,True,True,True,True,True
T3,True,True,True,True,True,True
T4,True,True,True,True,True,True
T5,True,True,True,True,True,True
T6,True,True,True,True,True,True
T7,True,True,True,True,True,True
T8,True,True,True,True,True,True
T9,True,True,True,True,True,True
