id,researchSiteCode,samplingDate,scaledPathogenRisk,scaledFecalRisk,scaledArgRisk,healthRiskScore
1,BN1,2023-06-28T00:00:00,0.2054,0.2427,0.4792,0.3091
2,BN2,2023-06-28T00:00:00,0.6456,0.5343,1.0,0.7266
3,BN3,2023-06-06T00:00:00,0.3554,0.7104,0.0,0.3553
4,BN4,2023-07-03T00:00:00,0.3065,0.4667,0.3717,0.3817
5,BN5,2023-07-03T00:00:00,0.0758,0.2193,0.3856,0.2269
6,BN6,2023-06-28T00:00:00,0.2056,0.4619,0.3583,0.342
7,BN7,2023-06-28T00:00:00,0.4126,0.5393,0.3509,0.4343
8,BN8,2023-07-07T00:00:00,0.3383,0.477,0.4015,0.4056
9,BN9,2023-06-06T00:00:00,0.2515,0.4117,0.384,0.3491
10,BN10,2023-06-07T00:00:00,0.762,0.8423,0.2686,0.6243
11,BN11,2023-06-06T00:00:00,0.0754,0.2158,0.0329,0.108
12,BN12,2023-06-06T00:00:00,0.0748,0.1445,0.0491,0.0895
13,BN13,2023-07-03T00:00:00,0.1003,0.3295,0.2723,0.234
14,BN14,2024-08-05T00:00:00,0.1101,0.2119,0.181,0.1676
15,BN15,2023-06-07T00:00:00,0.3487,0.3778,0.3881,0.3715
16,BN16,2023-06-07T00:00:00,0.1258,0.4229,0.1122,0.2203
17,BN17,2023-07-03T00:00:00,0.4909,0.6187,0.0307,0.3801
18,BN18,2023-06-06T00:00:00,0.3149,0.4429,0.4485,0.4021
19,BN19,2023-07-07T00:00:00,0.2572,0.3391,0.1262,0.2408
20,BN20,2023-07-07T00:00:00,0.3881,0.5078,0.3661,0.4207
21,C1,2023-06-28T00:00:00,0.0746,0.2477,0.3374,0.2199
22,C2,2023-06-27T00:00:00,0.507,0.5072,0.2522,0.4221
23,C3,2023-06-27T00:00:00,0.2973,0.2051,0.2283,0.2436
24,C4,2023-06-27T00:00:00,0.0496,0.1409,0.0339,0.0748
25,C5,2023-06-29T00:00:00,1.0,1.0,0.3465,0.7822
26,C6,2023-06-29T00:00:00,0.7351,0.6664,0.3841,0.5952
27,C7,2023-06-29T00:00:00,0.1783,0.5702,0.0027,0.2504
28,C8,2023-06-28T00:00:00,0.406,0.4457,0.432,0.4279
29,C9,2023-06-27T00:00:00,0.1265,0.1443,0.3186,0.1964
30,C10,2023-06-27T00:00:00,0.05,0.4146,0.0906,0.1851
31,C11,2023-06-27T00:00:00,0.0509,0.187,0.1456,0.1278
32,C12,2023-06-28T00:00:00,0.4217,0.8051,0.3704,0.5324
33,C13,2023-06-28T00:00:00,0.1499,0.2287,0.2708,0.2165
34,C14,2023-06-28T00:00:00,0.2241,0.1143,0.3343,0.2243
35,C15,2023-06-28T00:00:00,0.3791,0.3851,0.2706,0.3449
36,C16,2023-06-27T00:00:00,0.5063,0.2531,0.3008,0.3534
37,C19,2023-06-06T00:00:00,0.3044,0.4625,0.5433,0.4367
38,C20,2023-06-06T00:00:00,0.2243,0.2044,0.5623,0.3304
39,G2,2023-05-24T00:00:00,0.1242,0.2672,0.4669,0.2861
40,G3,2023-05-24T00:00:00,0.1004,0.3096,0.1812,0.1971
41,G4,2023-05-24T00:00:00,0.0503,0.1824,0.4763,0.2363
42,G5,2023-05-24T00:00:00,0.0496,0.3549,0.313,0.2392
43,G6,2023-05-24T00:00:00,0.1738,0.3113,0.175,0.2201
44,G7,2023-05-24T00:00:00,0.0746,0.2452,0.261,0.1936
45,G8,2023-05-24T00:00:00,0.0993,0.2305,0.3183,0.2161
46,G9,2023-05-24T00:00:00,0.1492,0.3966,0.5202,0.3553
47,G10,2023-05-24T00:00:00,0.0248,0.1193,0.3591,0.1677
48,G11,2023-05-24T00:00:00,0.1253,0.2544,0.2956,0.2251
49,G12,2023-05-24T00:00:00,0.0995,0.2129,0.3624,0.225
50,G13,2023-05-25T00:00:00,0.0752,0.2104,0.345,0.2102
51,G14,2023-05-25T00:00:00,0.0,0.1323,0.3366,0.1563
52,G15,2023-05-25T00:00:00,0.0513,0.1673,0.4544,0.2244
53,G16,2023-05-25T00:00:00,0.2484,0.2897,0.3971,0.3117
54,G21,2023-05-24T00:00:00,0.0499,0.3255,0.4933,0.2896
55,G22,2023-05-24T00:00:00,0.1501,0.2921,0.1152,0.1858
56,O1,2023-09-06T00:00:00,0.0993,0.2919,0.3826,0.2579
57,O2,2023-09-06T00:00:00,0.0495,0.2932,0.3814,0.2414
58,O3,2023-09-06T00:00:00,0.1248,0.3136,0.3035,0.2473
59,O4,2023-09-06T00:00:00,0.0248,0.2344,0.5403,0.2665
60,O5,2023-09-06T00:00:00,0.0248,0.385,0.2865,0.2321
61,O6,2023-09-06T00:00:00,0.0752,0.1625,0.3025,0.18
62,O7,2023-09-06T00:00:00,0.0993,0.2728,0.462,0.278
63,O8,2023-09-06T00:00:00,0.149,0.3018,0.4616,0.3041
64,O9,2023-09-06T00:00:00,0.0,0.0,0.3972,0.1324
65,O10,2023-09-06T00:00:00,0.0249,0.3387,0.2706,0.2114
66,O11,2023-09-06T00:00:00,0.1734,0.3317,0.6038,0.3696
67,O12,2023-09-06T00:00:00,0.0997,0.3184,0.6845,0.3675
68,O13,2023-09-06T00:00:00,0.1242,0.295,0.5408,0.32
69,O14,2023-09-06T00:00:00,0.0249,0.112,0.6038,0.2469
70,O15,2023-09-06T00:00:00,0.0495,0.1143,0.4447,0.2028
71,O16,2023-09-06T00:00:00,0.251,0.4781,0.4964,0.4085
72,O17,2023-09-06T00:00:00,0.3364,0.4261,0.497,0.4198
73,O18,2023-09-06T00:00:00,0.1488,0.4071,0.4311,0.329
74,O19,2023-09-06T00:00:00,0.1739,0.3078,0.289,0.2569
75,O20,2023-09-06T00:00:00,0.1253,0.3354,0.4327,0.2978
76,T1,2023-05-05T00:00:00,0.4012,0.532,0.2785,0.4039
77,T2,2023-05-05T00:00:00,0.0997,0.126,0.414,0.2132
78,T3,2023-05-05T00:00:00,0.3248,0.3904,0.4614,0.3922
79,T4,2023-05-05T00:00:00,0.1242,0.5135,0.1303,0.256
80,T5,2023-05-05T00:00:00,0.154,0.8464,0.2778,0.426
81,T6,2023-05-05T00:00:00,0.1502,0.5056,0.4162,0.3573
82,T7,2023-05-05T00:00:00,0.0758,0.2074,0.2231,0.1687
83,T8,2023-05-05T00:00:00,0.025,0.1995,0.2415,0.1554
84,T9,2023-05-06T00:00:00,0.025,0.1039,0.2561,0.1283
85,T10,2023-05-06T00:00:00,0.0497,0.0193,0.6355,0.2348
86,T11,2023-05-06T00:00:00,0.4285,0.5475,0.334,0.4367
87,T12,2023-05-06T00:00:00,0.0495,0.0918,0.6525,0.2646
88,T13,2023-05-05T00:00:00,0.1243,0.3044,0.6042,0.3443
89,T14,2023-05-05T00:00:00,0.2763,0.5787,0.525,0.46
90,T16,2023-05-05T00:00:00,0.0248,0.3325,0.2866,0.2146
91,T17,2023-05-05T00:00:00,0.2525,0.9979,0.3341,0.5282
92,T18,2023-05-05T00:00:00,0.2995,0.3628,0.3494,0.3372
93,T19,2023-05-05T00:00:00,0.0248,0.1091,0.3021,0.1453
94,T20,2023-05-05T00:00:00,0.3798,0.431,0.5091,0.44
95,T22,2023-05-05T00:00:00,0.1988,0.3252,0.5428,0.3556
96,T25,2023-05-05T00:00:00,0.1266,0.4027,0.5096,0.3463
