siteCode,metric,date,value
C1,pathogen,2023-06-28,0.0746
C1,fecal,2023-06-28,0.2477
C1,arg,2023-06-28,0.3374
C1,health,2023-06-28,0.2199
C2,pathogen,2023-06-27,0.507
C2,fecal,2023-06-27,0.5072
C2,arg,2023-06-27,0.2522
C2,health,2023-06-27,0.4221
C3,pathogen,2023-06-27,0.2973
C3,fecal,2023-06-27,0.2051
C3,arg,2023-06-27,0.2283
C3,health,2023-06-27,0.2436
C4,pathogen,2023-06-27,0.0496
C4,fecal,2023-06-27,0.1409
C4,arg,2023-06-27,0.0339
C4,health,2023-06-27,0.0748
C5,pathogen,2023-06-29,1.0
C5,fecal,2023-06-29,1.0
C5,arg,2023-06-29,0.3465
C5,health,2023-06-29,0.7822
C6,pathogen,2023-06-29,0.7351
C6,fecal,2023-06-29,0.6664
C6,arg,2023-06-29,0.3841
C6,health,2023-06-29,0.5952
C7,pathogen,2023-06-29,0.1783
C7,fecal,2023-06-29,0.5702
C7,arg,2023-06-29,0.0027
C7,health,2023-06-29,0.2504
C8,pathogen,2023-06-28,0.406
C8,fecal,2023-06-28,0.4457
C8,arg,2023-06-28,0.432
C8,health,2023-06-28,0.4279
C9,pathogen,2023-06-27,0.1265
C9,fecal,2023-06-27,0.1443
C9,arg,2023-06-27,0.3186
C9,health,2023-06-27,0.1964
C10,pathogen,2023-06-27,0.05
C10,fecal,2023-06-27,0.4146
C10,arg,2023-06-27,0.0906
C10,health,2023-06-27,0.1851
C11,pathogen,2023-06-27,0.0509
C11,fecal,2023-06-27,0.187
C11,arg,2023-06-27,0.1456
C11,health,2023-06-27,0.1278
C12,pathogen,2023-06-28,0.4217
C12,fecal,2023-06-28,0.8051
C12,arg,2023-06-28,0.3704
C12,health,2023-06-28,0.5324
C13,pathogen,2023-06-28,0.1499
C13,fecal,2023-06-28,0.2287
C13,arg,2023-06-28,0.2708
C13,health,2023-06-28,0.2165
C14,pathogen,2023-06-28,0.2241
C14,fecal,2023-06-28,0.1143
C14,arg,2023-06-28,0.3343
C14,health,2023-06-28,0.2243
C15,pathogen,2023-06-28,0.3791
C15,fecal,2023-06-28,0.3851
C15,arg,2023-06-28,0.2706
C15,health,2023-06-28,0.3449
C16,pathogen,2023-06-27,0.5063
C16,fecal,2023-06-27,0.2531
C16,arg,2023-06-27,0.3008
C16,health,2023-06-27,0.3534
C19,pathogen,2023-06-06,0.3044
C19,fecal,2023-06-06,0.4625
C19,arg,2023-06-06,0.5433
C19,health,2023-06-06,0.4367
C20,pathogen,2023-06-06,0.2243
C20,fecal,2023-06-06,0.2044
C20,arg,2023-06-06,0.5623
C20,health,2023-06-06,0.3304
G2,pathogen,2023-05-24,0.1242
G2,fecal,2023-05-24,0.2672
G2,arg,2023-05-24,0.4669
G2,health,2023-05-24,0.2861
BN1,pathogen,2023-06-28,0.2054
BN1,fecal,2023-06-28,0.2427
BN1,arg,2023-06-28,0.4792
BN1,health,2023-06-28,0.3091
BN2,pathogen,2023-06-28,0.6456
BN2,fecal,2023-06-28,0.5343
BN2,arg,2023-06-28,1.0
BN2,health,2023-06-28,0.7266
BN3,pathogen,2023-06-06,0.3554
BN3,fecal,2023-06-06,0.7104
BN3,arg,2023-06-06,0.0
BN3,health,2023-06-06,0.3553
BN4,pathogen,2023-07-03,0.3065
BN4,fecal,2023-07-03,0.4667
BN4,arg,2023-07-03,0.3717
BN4,health,2023-07-03,0.3817
BN5,pathogen,2023-07-03,0.0758
BN5,fecal,2023-07-03,0.2193
BN5,arg,2023-07-03,0.3856
BN5,health,2023-07-03,0.2269
BN6,pathogen,2023-06-28,0.2056
BN6,fecal,2023-06-28,0.4619
BN6,arg,2023-06-28,0.3583
BN6,health,2023-06-28,0.342
BN7,pathogen,2023-06-28,0.4126
BN7,fecal,2023-06-28,0.5393
BN7,arg,2023-06-28,0.3509
BN7,health,2023-06-28,0.4343
BN8,pathogen,2023-07-07,0.3383
BN8,fecal,2023-07-07,0.477
BN8,arg,2023-07-07,0.4015
BN8,health,2023-07-07,0.4056
BN9,pathogen,2023-06-06,0.2515
BN9,fecal,2023-06-06,0.4117
BN9,arg,2023-06-06,0.384
BN9,health,2023-06-06,0.3491
BN10,pathogen,2023-06-07,0.762
BN10,fecal,2023-06-07,0.8423
BN10,arg,2023-06-07,0.2686
BN10,health,2023-06-07,0.6243
BN11,pathogen,2023-06-06,0.0754
BN11,fecal,2023-06-06,0.2158
BN11,arg,2023-06-06,0.0329
BN11,health,2023-06-06,0.108
BN12,pathogen,2023-06-06,0.0748
BN12,fecal,2023-06-06,0.1445
BN12,arg,2023-06-06,0.0491
BN12,health,2023-06-06,0.0895
BN13,pathogen,2023-07-03,0.1003
BN13,fecal,2023-07-03,0.3295
BN13,arg,2023-07-03,0.2723
BN13,health,2023-07-03,0.234
BN14,pathogen,2024-08-05,0.1101
BN14,fecal,2024-08-05,0.2119
BN14,arg,2024-08-05,0.181
BN14,health,2024-08-05,0.1676
BN15,pathogen,2023-06-07,0.3487
BN15,fecal,2023-06-07,0.3778
BN15,arg,2023-06-07,0.3881
BN15,health,2023-06-07,0.3715
BN16,pathogen,2023-06-07,0.1258
BN16,fecal,2023-06-07,0.4229
BN16,arg,2023-06-07,0.1122
BN16,health,2023-06-07,0.2203
BN17,pathogen,2023-07-03,0.4909
BN17,fecal,2023-07-03,0.6187
BN17,arg,2023-07-03,0.0307
BN17,health,2023-07-03,0.3801
BN18,pathogen,2023-06-06,0.3149
BN18,fecal,2023-06-06,0.4429
BN18,arg,2023-06-06,0.4485
BN18,health,2023-06-06,0.4021
BN19,pathogen,2023-07-07,0.2572
BN19,fecal,2023-07-07,0.3391
BN19,arg,2023-07-07,0.1262
BN19,health,2023-07-07,0.2408
BN20,pathogen,2023-07-07,0.3881
BN20,fecal,2023-07-07,0.5078
BN20,arg,2023-07-07,0.3661
BN20,health,2023-07-07,0.4207
G6,pathogen,2023-05-24,0.1738
G6,fecal,2023-05-24,0.3113
G6,arg,2023-05-24,0.175
G6,health,2023-05-24,0.2201
T1,pathogen,2023-05-05,0.4012
T1,fecal,2023-05-05,0.532
T1,arg,2023-05-05,0.2785
T1,health,2023-05-05,0.4039
T3,pathogen,2023-05-05,0.3248
T3,fecal,2023-05-05,0.3904
T3,arg,2023-05-05,0.4614
T3,health,2023-05-05,0.3922
G8,pathogen,2023-05-24,0.0993
G8,fecal,2023-05-24,0.2305
G8,arg,2023-05-24,0.3183
G8,health,2023-05-24,0.2161
G9,pathogen,2023-05-24,0.1492
G9,fecal,2023-05-24,0.3966
G9,arg,2023-05-24,0.5202
G9,health,2023-05-24,0.3553
G10,pathogen,2023-05-24,0.0248
G10,fecal,2023-05-24,0.1193
G10,arg,2023-05-24,0.3591
G10,health,2023-05-24,0.1677
G22,pathogen,2023-05-24,0.1501
G22,fecal,2023-05-24,0.2921
G22,arg,2023-05-24,0.1152
G22,health,2023-05-24,0.1858
G11,pathogen,2023-05-24,0.1253
G11,fecal,2023-05-24,0.2544
G11,arg,2023-05-24,0.2956
G11,health,2023-05-24,0.2251
G12,pathogen,2023-05-24,0.0995
G12,fecal,2023-05-24,0.2129
G12,arg,2023-05-24,0.3624
G12,health,2023-05-24,0.225
G13,pathogen,2023-05-25,0.0752
G13,fecal,2023-05-25,0.2104
G13,arg,2023-05-25,0.345
G13,health,2023-05-25,0.2102
G14,pathogen,2023-05-25,0.0
G14,fecal,2023-05-25,0.1323
G14,arg,2023-05-25,0.3366
G14,health,2023-05-25,0.1563
G15,pathogen,2023-05-25,0.0513
G15,fecal,2023-05-25,0.1673
G15,arg,2023-05-25,0.4544
G15,health,2023-05-25,0.2244
G16,pathogen,2023-05-25,0.2484
G16,fecal,2023-05-25,0.2897
G16,arg,2023-05-25,0.3971
G16,health,2023-05-25,0.3117
O17,pathogen,2023-09-06,0.3364
O17,fecal,2023-09-06,0.4261
O17,arg,2023-09-06,0.497
O17,health,2023-09-06,0.4198
G4,pathogen,2023-05-24,0.0503
G4,fecal,2023-05-24,0.1824
G4,arg,2023-05-24,0.4763
G4,health,2023-05-24,0.2363
G21,pathogen,2023-05-24,0.0499
G21,fecal,2023-05-24,0.3255
G21,arg,2023-05-24,0.4933
G21,health,2023-05-24,0.2896
G5,pathogen,2023-05-24,0.0496
G5,fecal,2023-05-24,0.3549
G5,arg,2023-05-24,0.313
G5,health,2023-05-24,0.2392
T2,pathogen,2023-05-05,0.0997
T2,fecal,2023-05-05,0.126
T2,arg,2023-05-05,0.414
T2,health,2023-05-05,0.2132
G3,pathogen,2023-05-24,0.1004
G3,fecal,2023-05-24,0.3096
G3,arg,2023-05-24,0.1812
G3,health,2023-05-24,0.1971
T5,pathogen,2023-05-05,0.154
T5,fecal,2023-05-05,0.8464
T5,arg,2023-05-05,0.2778
T5,health,2023-05-05,0.426
T6,pathogen,2023-05-05,0.1502
T6,fecal,2023-05-05,0.5056
T6,arg,2023-05-05,0.4162
T6,health,2023-05-05,0.3573
T7,pathogen,2023-05-05,0.0758
T7,fecal,2023-05-05,0.2074
T7,arg,2023-05-05,0.2231
T7,health,2023-05-05,0.1687
T8,pathogen,2023-05-05,0.025
T8,fecal,2023-05-05,0.1995
T8,arg,2023-05-05,0.2415
T8,health,2023-05-05,0.1554
T9,pathogen,2023-05-06,0.025
T9,fecal,2023-05-06,0.1039
T9,arg,2023-05-06,0.2561
T9,health,2023-05-06,0.1283
G7,pathogen,2023-05-24,0.0746
G7,fecal,2023-05-24,0.2452
G7,arg,2023-05-24,0.261
G7,health,2023-05-24,0.1936
O1,pathogen,2023-09-06,0.0993
O1,fecal,2023-09-06,0.2919
O1,arg,2023-09-06,0.3826
O1,health,2023-09-06,0.2579
O2,pathogen,2023-09-06,0.0495
O2,fecal,2023-09-06,0.2932
O2,arg,2023-09-06,0.3814
O2,health,2023-09-06,0.2414
O3,pathogen,2023-09-06,0.1248
O3,fecal,2023-09-06,0.3136
O3,arg,2023-09-06,0.3035
O3,health,2023-09-06,0.2473
O5,pathogen,2023-09-06,0.0248
O5,fecal,2023-09-06,0.385
O5,arg,2023-09-06,0.2865
O5,health,2023-09-06,0.2321
O4,pathogen,2023-09-06,0.0248
O4,fecal,2023-09-06,0.2344
O4,arg,2023-09-06,0.5403
O4,health,2023-09-06,0.2665
O6,pathogen,2023-09-06,0.0752
O6,fecal,2023-09-06,0.1625
O6,arg,2023-09-06,0.3025
O6,health,2023-09-06,0.18
O7,pathogen,2023-09-06,0.0993
O7,fecal,2023-09-06,0.2728
O7,arg,2023-09-06,0.462
O7,health,2023-09-06,0.278
O8,pathogen,2023-09-06,0.149
O8,fecal,2023-09-06,0.3018
O8,arg,2023-09-06,0.4616
O8,health,2023-09-06,0.3041
O9,pathogen,2023-09-06,0.0
O9,fecal,2023-09-06,0.0
O9,arg,2023-09-06,0.3972
O9,health,2023-09-06,0.1324
O10,pathogen,2023-09-06,0.0249
O10,fecal,2023-09-06,0.3387
O10,arg,2023-09-06,0.2706
O10,health,2023-09-06,0.2114
O11,pathogen,2023-09-06,0.1734
O11,fecal,2023-09-06,0.3317
O11,arg,2023-09-06,0.6038
O11,health,2023-09-06,0.3696
O12,pathogen,2023-09-06,0.0997
O12,fecal,2023-09-06,0.3184
O12,arg,2023-09-06,0.6845
O12,health,2023-09-06,0.3675
O13,pathogen,2023-09-06,0.1242
O13,fecal,2023-09-06,0.295
O13,arg,2023-09-06,0.5408
O13,health,2023-09-06,0.32
O14,pathogen,2023-09-06,0.0249
O14,fecal,2023-09-06,0.112
O14,arg,2023-09-06,0.6038
O14,health,2023-09-06,0.2469
O15,pathogen,2023-09-06,0.0495
O15,fecal,2023-09-06,0.1143
O15,arg,2023-09-06,0.4447
O15,health,2023-09-06,0.2028
O16,pathogen,2023-09-06,0.251
O16,fecal,2023-09-06,0.4781
O16,arg,2023-09-06,0.4964
O16,health,2023-09-06,0.4085
O18,pathogen,2023-09-06,0.1488
O18,fecal,2023-09-06,0.4071
O18,arg,2023-09-06,0.4311
O18,health,2023-09-06,0.329
O19,pathogen,2023-09-06,0.1739
O19,fecal,2023-09-06,0.3078
O19,arg,2023-09-06,0.289
O19,health,2023-09-06,0.2569
O20,pathogen,2023-09-06,0.1253
O20,fecal,2023-09-06,0.3354
O20,arg,2023-09-06,0.4327
O20,health,2023-09-06,0.2978
T10,pathogen,2023-05-06,0.0497
T10,fecal,2023-05-06,0.0193
T10,arg,2023-05-06,0.6355
T10,health,2023-05-06,0.2348
T12,pathogen,2023-05-06,0.0495
T12,fecal,2023-05-06,0.0918
T12,arg,2023-05-06,0.6525
T12,health,2023-05-06,0.2646
T13,pathogen,2023-05-05,0.1243
T13,fecal,2023-05-05,0.3044
T13,arg,2023-05-05,0.6042
T13,health,2023-05-05,0.3443
T14,pathogen,2023-05-05,0.2763
T14,fecal,2023-05-05,0.5787
T14,arg,2023-05-05,0.525
T14,health,2023-05-05,0.46
T17,pathogen,2023-05-05,0.2525
T17,fecal,2023-05-05,0.9979
T17,arg,2023-05-05,0.3341
T17,health,2023-05-05,0.5282
T18,pathogen,2023-05-05,0.2995
T18,fecal,2023-05-05,0.3628
T18,arg,2023-05-05,0.3494
T18,health,2023-05-05,0.3372
T19,pathogen,2023-05-05,0.0248
T19,fecal,2023-05-05,0.1091
T19,arg,2023-05-05,0.3021
T19,health,2023-05-05,0.1453
T20,pathogen,2023-05-05,0.3798
T20,fecal,2023-05-05,0.431
T20,arg,2023-05-05,0.5091
T20,health,2023-05-05,0.44
T4,pathogen,2023-05-05,0.1242
T4,fecal,2023-05-05,0.5135
T4,arg,2023-05-05,0.1303
T4,health,2023-05-05,0.256
T11,pathogen,2023-05-06,0.4285
T11,fecal,2023-05-06,0.5475
T11,arg,2023-05-06,0.334
T11,health,2023-05-06,0.4367
T25,pathogen,2023-05-05,0.1266
T25,fecal,2023-05-05,0.4027
T25,arg,2023-05-05,0.5096
T25,health,2023-05-05,0.3463
T16,pathogen,2023-05-05,0.0248
T16,fecal,2023-05-05,0.3325
T16,arg,2023-05-05,0.2866
T16,health,2023-05-05,0.2146
T22,pathogen,2023-05-05,0.1988
T22,fecal,2023-05-05,0.3252
T22,arg,2023-05-05,0.5428
T22,health,2023-05-05,0.3556
