siteCode,date,statusOfNitrate
C1,2023-06-28,0.004
C2,2023-06-27,0.015
C3,2023-06-27,3.179
C4,2023-06-27,0.002
C5,2023-06-29,0.617
C6,2023-06-29,2.186
C7,2023-06-29,2.641
C8,2023-06-28,0.238
C9,2023-06-27,0.639
C10,2023-06-27,6.04
C11,2023-06-27,0.023
C12,2023-06-28,0.829
C13,2023-06-28,0.673
C14,2023-06-28,0.027
C15,2023-06-28,0.071
C16,2023-06-27,0.13
C17,2023-06-06,0.06
C18,2023-06-06,0.534
C19,2023-06-06,1.576
C20,2023-06-06,0.472
G2,2023-07-26,1.037
BN1,2023-06-28,3.527
BN2,2023-06-28,3.135
BN3,2023-06-06,3.166
BN4,2023-07-03,1.045
BN5,2023-07-03,0.752
BN6,2023-06-28,1.851
BN7,2023-06-28,5.237
BN8,2023-07-07,0.198
BN9,2023-06-06,4.324
BN10,2023-06-07,4.184
BN11,2023-06-06,1.12
BN12,2023-06-06,2.25
BN13,2023-07-03,2.014
BN15,2023-06-07,0.511
BN16,2023-06-07,0.003
BN17,2023-07-03,0.314
BN18,2023-06-06,0.664
BN19,2023-07-07,0.645
BN20,2023-07-07,0.01
G6,2023-07-26,2.253
T1,2023-05-05,1.916
T3,2023-05-05,2.465
G8,2023-07-26,1.798
G9,2023-07-27,3.778
G10,2023-07-27,1.273
G22,2023-07-27,1.13
G11,2023-07-27,1.662
G12,2023-07-27,1.239
G13,2023-07-27,0.229
G14,2023-07-27,0.101
G15,2023-07-28,1.895
G16,2023-07-28,1.929
G17,2023-07-28,0.534
G18,2023-07-28,1.468
G1,2023-07-27,0.003
G4,2023-07-26,1.979
G21,2023-07-26,0.127
G5,2023-07-26,1.058
T2,2023-05-05,1.686
G19,2023-07-28,0.209
G20,2023-07-28,0.035
G3,2023-07-26,3.126
T5,2023-05-05,8.069
T6,2023-05-05,8.174
T7,2023-05-05,4.613
T8,2023-05-05,1.614
T9,2023-05-06,3.203
G7,2023-07-26,1.618
O1,2023-09-06,0.831
O2,2023-09-06,0.47
O3,2023-09-06,1.204
O5,2023-09-06,0.86
O4,2023-09-06,0.467
O6,2023-09-06,0.001
O7,2023-09-06,1.365
O8,2023-09-06,1.781
O9,2023-09-06,0.021
O10,2023-09-06,1.726
O11,2023-09-06,1.322
O12,2023-09-06,1.142
O13,2023-09-06,1.617
O14,2023-09-06,0.579
O16,2023-09-06,1.813
O18,2023-09-06,8.681
O19,2023-09-06,1.664
O20,2023-09-06,1.288
T10,2023-05-06,0.342
T12,2023-05-06,0.461
T13,2023-05-05,1.493
T14,2023-05-05,1.148
T17,2023-05-05,0.001
T18,2023-05-05,0.72
T19,2023-05-05,3.844
T20,2023-05-05,0.778
T4,2023-05-05,6.609
T11,2023-05-06,0.41
T25,2023-05-05,7.478
T16,2023-05-05,0.307
T22,2023-05-05,1.074
