id,researchSiteCode,samplingDate,distChampCulture,distanceToHospitals,distanceToLivingStreetRoad,distanceToMotorwayRoad,distanceToSewageStations,patchDensityVeg50m,vegCoverFrac50m,patchDensityVeg100m,vegCoverFrac100m,patchDensityVeg250m,vegCoverFrac250m,patchDensityVeg500m,vegCoverFrac500m,patchDensityVeg750m,vegCoverFrac750m,patchDensityVeg1000m,vegCoverFrac1000m,patchDensityVeg1500m,vegCoverFrac1500m,patchDensityVeg2000m,vegCoverFrac2000m,patchDensity50m,humanDensityProxy50m,patchDensity100m,humanDensityProxy100m,patchDensity250m,humanDensityProxy250m,patchDensity500m,humanDensityProxy500m,patchDensity750m,humanDensityProxy750m,patchDensity1000m,humanDensityProxy1000m,patchDensity1500m,humanDensityProxy1500m,patchDensity2000m,humanDensityProxy2000m,urbanPct1000m,urbanPct100m,urbanPct1500m,urbanPct2000m,urbanPct250m,urbanPct500m,urbanPct50m,urbanPct750m,imperviousPct50m,imperviousPct100m,imperviousPct250m,imperviousPct500m,imperviousPct750m,imperviousPct1000m,imperviousPct1500m,imperviousPct2000m
1,BN1,,1525.81,1648.07,2887.01,1350.56,3583.11,0.0,0.0,0.0,0.0,0.0,0.0,0.0,0.0,1.44,0.79,0.76,0.84,0.41,2.79,0.57,3.52,0.0,0.0,187.3,0.0,0.92,0.11,0.12,0.32,0.09,0.32,0.06,0.32,0.04,0.29,0.04,0.24,32.28,0.0,31.17,28.67,5.01,23.37,0.0,32.19,0.0,0.0,5.14,17.53,22.13,24.63,21.28,18.5
2,BN2,,1581.99,1005.83,3263.56,480.87,3804.69,0.0,0.0,0.0,0.0,0.0,0.0,2.21,0.58,2.05,0.28,3.62,0.26,1.2,0.47,0.71,1.91,0.0,0.0,0.0,0.0,0.78,0.07,0.06,0.23,0.02,0.26,0.03,0.29,0.04,0.28,0.03,0.21,26.74,0.0,29.97,27.6,1.74,16.31,0.0,24.62,0.0,1.35,9.45,18.17,20.03,21.13,21.16,17.75
3,BN3,,539.55,507.95,1318.31,2592.28,4936.2,22.33,5.71,18.36,5.21,1.99,15.36,0.52,19.61,0.42,17.52,0.45,14.31,0.79,8.24,0.41,8.59,13.48,0.19,1.2,0.53,0.3,0.51,0.05,0.49,0.05,0.5,0.02,0.52,0.03,0.48,0.04,0.39,49.63,42.19,52.63,48.19,54.74,49.46,4.36,49.33,15.45,36.25,34.54,37.08,34.82,39.25,38.6,31.72
4,BN4,,1138.37,2970.01,2815.76,6368.56,6706.94,1.67,76.33,0.51,62.36,0.13,38.25,0.06,19.74,0.11,10.57,0.14,6.69,0.12,8.01,0.11,8.43,0.0,0.0,0.0,0.0,0.0,0.0,0.0,0.0,0.0,0.0,0.24,0.01,0.4,0.05,0.35,0.08,0.01,0.0,2.06,5.08,0.0,0.0,0.0,0.0,0.0,0.0,0.0,0.29,0.4,2.1,4.38,6.49
5,BN5,,2651.28,4431.82,5230.96,7583.26,8663.14,0.0,0.0,0.0,0.0,6.93,0.74,5.5,0.23,5.5,0.1,5.5,0.06,4.91,0.06,5.06,0.06,6.11,0.21,0.85,0.37,0.18,0.28,0.08,0.16,0.1,0.12,0.09,0.07,0.19,0.03,0.19,0.02,11.83,30.22,5.33,3.0,37.11,18.92,12.63,14.49,21.12,33.64,19.96,10.36,8.58,5.98,4.26,3.33
6,BN6,,620.44,2021.74,2574.45,4229.38,4836.43,0.0,0.0,0.0,0.0,0.0,0.0,0.0,0.0,3.51,0.65,1.22,2.09,0.39,6.22,0.34,5.93,0.0,0.0,0.0,0.0,0.0,0.0,0.0,0.0,0.43,0.04,0.08,0.08,0.11,0.1,0.09,0.14,4.07,0.0,7.76,9.73,0.0,0.0,0.0,0.3,0.0,0.8,8.09,6.66,10.82,13.72,13.95,16.0
7,BN7,,691.77,4330.44,5013.24,3791.52,1615.9,0.0,0.0,0.0,0.0,0.0,0.0,0.0,0.0,4.21,0.13,0.39,1.65,0.43,1.33,0.61,0.91,0.0,0.0,0.0,0.0,0.0,0.0,0.0,0.0,0.11,0.05,0.03,0.1,0.1,0.1,0.11,0.09,5.37,0.0,9.77,9.97,0.0,0.0,0.0,0.49,4.15,5.06,3.94,2.46,2.27,4.8,6.83,6.94
8,BN8,,2314.67,6320.88,5388.45,5448.87,1369.75,7.84,16.27,4.4,7.24,1.86,2.74,0.99,1.29,0.68,0.84,0.35,0.92,0.35,2.01,0.23,3.1,0.0,0.0,3380.41,0.0,0.42,0.12,0.1,0.25,0.08,0.21,0.08,0.16,0.06,0.15,0.06,0.11,20.89,0.0,15.1,15.35,7.95,18.91,0.0,25.7,3.04,4.08,7.32,17.62,14.38,11.1,10.55,8.13
9,BN9,,2315.71,3972.64,2866.54,995.23,4630.9,0.0,0.0,0.0,0.0,0.0,0.0,0.0,0.0,0.0,0.0,0.0,0.0,0.0,0.0,6.63,0.01,0.0,0.0,0.0,0.0,0.0,0.0,0.0,0.0,5.98,0.0,0.53,0.02,0.16,0.04,0.11,0.03,0.11,0.0,3.69,3.55,0.0,0.0,0.0,0.0,0.0,0.0,0.3,0.13,1.02,1.71,4.42,3.61
10,BN10,,269.81,1784.32,2407.64,5718.38,7142.45,0.0,0.0,0.0,0.0,18.44,0.55,1.21,8.4,0.29,11.79,0.19,11.5,0.27,9.47,0.26,10.27,22.87,0.06,2.57,0.12,3.28,0.03,1.52,0.05,1.32,0.05,0.65,0.1,0.37,0.14,0.31,0.12,4.75,10.71,12.68,13.08,4.68,5.19,1.71,4.79,2.78,11.32,15.83,21.18,16.78,16.56,16.71,14.09
11,BN11,,851.02,3956.26,4621.52,7512.48,6916.2,0.0,0.0,0.0,0.0,0.0,0.0,0.0,0.0,0.0,0.0,0.54,0.59,1.73,0.41,0.74,1.72,0.0,0.0,0.0,0.0,0.46,0.11,0.45,0.03,0.63,0.02,1.07,0.01,1.14,0.01,0.7,0.03,1.79,0.0,0.94,1.25,8.17,5.02,0.0,2.23,0.0,0.0,6.12,5.67,4.77,3.54,3.43,5.47
12,BN12,,1194.41,4544.24,4695.95,8423.0,4172.6,0.0,0.0,0.0,0.0,0.0,0.0,0.0,0.0,0.0,0.0,17.43,0.02,0.47,1.5,0.45,3.87,0.0,0.0,0.0,0.0,0.0,0.0,0.0,0.0,0.0,0.0,2.91,0.0,1.21,0.01,1.39,0.02,0.0,0.0,0.38,1.29,0.0,0.0,0.0,0.0,0.0,0.0,0.06,0.32,0.64,0.55,0.53,0.75
13,BN13,,1405.36,4226.58,4385.21,7709.88,6401.57,0.0,0.0,0.0,0.0,0.0,0.0,0.25,5.19,0.15,3.74,0.15,2.1,0.11,3.74,0.23,3.16,0.0,0.0,0.0,0.0,0.0,0.0,0.0,0.0,3.06,0.0,1.26,0.01,1.31,0.01,0.42,0.02,0.39,0.0,0.6,0.67,0.0,0.0,0.0,0.0,0.0,0.0,0.57,1.23,1.74,1.53,2.51,2.98
14,BN14,,13.18,5619.7,11194.53,14063.95,12918.15,1.83,69.73,0.55,57.99,0.09,54.59,0.03,50.93,0.01,42.05,0.02,38.18,0.01,39.28,0.0,38.83,0.0,0.0,0.0,0.0,3.83,0.05,1.65,0.09,1.58,0.05,1.11,0.06,0.99,0.04,1.21,0.02,12.84,0.0,10.42,7.1,14.78,17.09,0.0,16.91,0.0,0.0,8.97,9.36,7.1,6.85,4.25,2.66
15,BN15,,571.35,6457.71,11279.4,13157.47,11712.06,0.0,0.0,0.0,0.0,0.0,0.0,0.0,0.0,0.16,3.44,0.11,11.19,0.03,20.66,0.01,24.79,106.37,0.01,2.3,0.14,0.43,0.24,0.09,0.14,0.26,0.07,0.5,0.05,0.82,0.03,0.96,0.02,6.57,8.55,4.55,3.68,25.35,21.52,0.0,10.75,0.0,1.15,14.44,9.88,5.66,3.99,2.77,2.41
16,BN16,,585.91,6386.85,11335.37,13231.84,11674.7,0.0,0.0,0.0,0.0,0.0,0.0,0.0,0.0,0.4,4.25,0.05,13.29,0.03,21.65,0.01,25.03,0.0,0.0,0.0,0.0,0.35,0.15,0.09,0.13,0.17,0.07,0.64,0.05,0.82,0.03,0.96,0.02,6.51,0.0,4.54,3.72,8.15,17.27,0.0,10.75,0.0,0.0,8.04,9.4,5.53,3.94,2.8,2.41
17,BN17,,469.52,6709.07,6742.49,10438.93,3027.62,0.0,0.0,0.0,0.0,0.0,0.0,7.45,0.34,1.44,1.18,1.48,1.51,0.57,2.47,0.62,3.62,0.0,0.0,0.0,0.0,0.0,0.0,1.81,0.01,2.43,0.01,2.8,0.01,0.7,0.03,0.83,0.03,1.16,0.0,1.4,3.44,0.0,0.96,0.0,1.1,0.0,0.0,0.0,0.22,0.11,0.08,1.22,1.19
18,BN18,,25.66,7405.37,7747.96,11465.43,1126.08,1.54,82.98,0.51,62.49,0.2,50.36,0.23,38.72,0.32,28.29,0.38,23.27,0.36,18.73,0.36,16.72,0.0,0.0,0.0,0.0,21.15,0.0,5.42,0.01,3.67,0.03,2.63,0.03,1.43,0.05,1.63,0.04,2.79,0.0,3.4,4.85,0.0,0.21,0.0,1.32,0.0,0.0,0.63,1.13,1.15,1.09,1.61,1.4
19,BN19,,373.79,8039.38,9306.18,13286.59,5223.65,0.0,0.0,0.0,0.0,0.0,0.0,0.91,2.8,1.43,1.58,0.47,2.02,0.29,3.86,0.25,6.92,0.0,0.0,0.0,0.0,0.0,0.0,0.0,0.0,0.0,0.0,0.0,0.0,6.91,0.0,0.4,0.05,0.68,0.0,0.3,0.35,0.0,0.0,0.0,0.0,0.0,0.0,0.54,0.75,0.74,0.88,0.93,3.19
20,BN20,,303.93,7451.0,6873.62,18499.25,50.12,0.0,0.0,0.0,0.0,16.95,0.3,0.82,7.76,0.28,12.29,0.25,10.26,0.19,8.97,0.14,8.33,0.0,0.0,16.22,0.02,0.23,0.23,0.13,0.19,0.15,0.15,0.14,0.14,0.24,0.08,0.27,0.04,15.85,0.0,12.63,8.22,20.8,22.59,0.0,17.85,3.06,4.76,20.03,13.5,13.63,12.65,7.91,4.87
21,C1,,374.62,1112.58,689.39,6049.03,4297.1,0.0,0.0,33.5,1.9,0.87,29.45,0.57,29.0,0.56,31.21,0.56,29.56,0.53,24.4,0.68,19.42,0.0,0.0,0.0,0.0,137.63,0.0,0.83,0.06,0.72,0.1,0.37,0.14,0.2,0.21,0.12,0.24,10.3,0.0,16.01,19.85,0.0,3.72,0.0,9.55,0.0,14.33,18.52,20.91,26.53,30.29,34.15,35.55
22,C2,,780.94,1825.65,2168.71,5107.85,761.69,0.0,0.0,5.42,5.89,4.66,2.19,0.65,17.7,0.34,26.57,0.28,27.77,0.22,29.13,0.23,28.57,0.0,0.0,0.0,0.0,8.76,0.01,0.8,0.08,0.34,0.13,0.34,0.13,0.27,0.15,0.17,0.16,15.51,0.0,13.67,14.36,15.12,10.43,0.0,13.31,72.5,80.98,39.84,28.43,26.19,23.56,25.45,25.19
23,C3,,189.88,1493.99,1914.55,4828.5,3283.61,44.12,5.78,1.78,17.88,2.44,14.61,0.68,24.4,0.28,34.86,0.32,32.34,0.47,26.35,0.58,25.03,18.0,0.07,2.8,0.23,0.24,0.43,0.23,0.28,0.27,0.17,0.23,0.15,0.2,0.15,0.18,0.16,15.79,15.82,13.95,13.33,39.83,33.83,2.91,23.66,56.63,60.89,59.65,37.7,30.59,32.03,33.44,34.2
24,C4,,1424.49,4282.99,2115.95,4419.92,4211.41,0.0,0.0,67.59,0.47,0.31,16.34,0.05,23.88,0.06,27.02,0.04,22.45,0.12,11.08,0.12,10.02,2.96,0.43,0.76,0.42,0.38,0.4,0.07,0.52,0.09,0.36,0.1,0.28,0.12,0.2,0.11,0.16,36.0,42.4,25.25,19.61,44.66,54.51,41.15,48.99,29.99,51.96,41.89,46.61,36.13,32.02,26.87,22.5
25,C5,,294.16,854.59,2741.91,6638.85,2398.28,7.15,35.65,2.0,47.77,0.29,52.84,0.14,46.67,0.16,45.17,0.39,33.44,0.58,23.35,0.66,19.57,36.13,0.04,3.18,0.1,1.16,0.26,0.3,0.34,0.17,0.33,0.12,0.37,0.11,0.26,0.14,0.23,33.5,9.89,33.09,26.86,15.95,34.04,0.41,31.64,15.06,9.05,12.39,29.53,30.69,39.24,38.19,34.46
26,C6,,631.56,1607.15,2744.27,5488.11,1276.96,0.0,0.0,6.79,4.7,0.84,24.18,0.52,31.75,0.41,32.14,0.31,30.48,0.32,30.71,0.4,26.02,0.0,0.0,0.0,0.0,3.82,0.07,0.24,0.21,0.21,0.19,0.29,0.19,0.19,0.19,0.19,0.17,20.94,0.06,21.34,20.1,3.73,17.42,0.0,20.17,30.97,43.45,37.86,38.75,33.28,32.53,29.4,28.99
27,C7,,252.24,686.71,4874.86,6632.21,4548.51,0.0,0.0,0.0,0.0,0.0,0.0,0.36,14.33,0.37,25.9,0.22,32.93,0.17,36.02,0.18,36.67,0.0,0.0,0.0,0.0,0.0,0.0,3.73,0.01,0.3,0.1,0.2,0.13,0.11,0.2,0.09,0.21,9.54,0.0,15.26,20.55,0.0,0.0,0.0,4.0,0.0,3.1,14.35,14.09,19.63,20.58,22.08,21.6
28,C8,,1210.98,400.13,3067.93,3029.87,4162.64,5.55,22.96,1.99,16.06,0.73,13.94,0.53,11.98,0.57,5.99,0.93,3.76,0.74,3.82,0.43,5.99,0.0,0.0,0.0,0.0,0.0,0.0,0.0,0.0,2.66,0.0,0.29,0.03,0.08,0.13,0.06,0.17,0.27,0.0,7.15,13.55,0.0,0.0,0.0,0.0,2.19,5.49,16.79,15.98,15.39,17.7,17.61,18.45
29,C9,,1330.08,7534.73,5770.55,4785.54,7577.9,0.0,0.0,0.0,0.0,0.0,0.0,4.58,1.11,2.39,2.37,2.41,1.99,0.46,6.41,0.51,4.83,0.0,0.0,0.0,0.0,0.0,0.0,15.79,0.0,0.15,0.07,0.16,0.08,0.15,0.09,0.08,0.1,7.57,0.0,7.78,9.46,0.0,0.0,0.0,0.71,1.41,1.13,14.8,13.63,12.02,12.66,13.99,14.17
30,C10,,66.09,882.16,1881.94,4967.88,3186.25,1.49,85.56,1.09,58.55,0.2,50.25,0.44,28.99,0.74,19.1,0.86,19.63,0.89,20.18,0.87,21.05,0.0,0.0,3.44,0.09,0.9,0.23,0.27,0.29,0.18,0.28,0.17,0.24,0.23,0.18,0.11,0.25,22.92,0.0,18.9,17.16,0.92,25.58,0.0,22.9,0.0,10.78,21.46,39.29,44.7,43.88,44.71,42.92
31,C11,,645.21,1458.4,1923.01,5514.13,1293.19,0.0,0.0,3.91,8.15,1.18,13.0,0.51,22.51,0.34,27.97,0.34,24.67,0.28,23.0,0.21,25.33,6.26,0.2,1.36,0.23,0.9,0.23,0.51,0.2,0.3,0.21,0.34,0.19,0.25,0.17,0.18,0.16,22.8,25.46,18.31,16.33,19.26,22.96,12.44,25.54,39.13,53.95,46.09,36.26,32.47,30.19,27.04,25.28
32,C12,,242.6,1266.54,1736.89,4255.93,2815.42,0.0,0.0,24.28,1.31,0.21,24.01,0.24,21.68,0.4,18.3,0.53,17.55,0.58,15.18,0.54,15.79,7.05,0.18,1.71,0.19,1.08,0.09,0.42,0.12,0.31,0.18,0.17,0.21,0.14,0.15,0.13,0.14,18.32,19.26,18.94,15.08,8.01,11.03,13.25,12.86,0.0,11.74,8.4,11.69,17.28,26.11,29.95,28.64
33,C13,,7796.3,461.74,13934.15,2075.57,1620.21,0.0,0.0,36.77,1.73,29.87,1.02,4.47,3.42,1.69,6.39,1.33,5.99,0.87,5.39,0.25,10.99,0.0,0.0,0.0,0.0,0.0,0.0,14.08,0.0,3.43,0.0,3.43,0.0,1.8,0.0,1.29,0.01,0.32,0.0,0.17,0.43,0.0,0.0,0.0,0.4,21.04,31.92,26.09,24.09,21.32,19.63,15.18,11.92
34,C14,,3128.16,4411.24,6761.3,1672.79,5954.39,0.0,0.0,0.0,0.0,0.0,0.0,0.0,0.0,0.0,0.0,0.0,0.0,1.17,0.36,1.07,0.59,0.0,0.0,0.0,0.0,0.24,0.21,0.05,0.25,0.07,0.16,0.05,0.12,0.06,0.12,0.06,0.13,15.75,0.0,11.37,13.06,12.55,27.96,0.0,21.64,0.0,0.0,9.52,7.37,4.79,4.08,6.54,8.82
35,C15,,30.06,2159.65,3271.25,4641.72,3951.15,8.31,30.69,0.62,51.21,0.2,50.37,0.26,29.12,0.24,28.9,0.25,26.96,0.19,29.47,0.18,27.22,0.0,0.0,0.0,0.0,0.0,0.0,0.0,0.0,0.0,0.0,2.49,0.0,0.35,0.05,0.22,0.08,0.0,0.0,0.84,4.69,0.0,0.0,0.0,0.0,0.0,0.0,0.44,0.66,3.58,6.54,10.32,14.73
36,C16,,794.04,2014.05,2174.01,4920.06,572.3,0.0,0.0,4.88,6.54,4.12,3.71,0.47,19.1,0.34,26.64,0.26,26.9,0.24,30.62,0.22,29.5,0.0,0.0,0.0,0.0,0.0,0.0,1.9,0.03,0.47,0.1,0.36,0.11,0.28,0.13,0.18,0.15,12.18,0.0,12.23,13.01,0.0,7.0,0.0,9.06,11.04,37.92,28.91,22.48,23.48,20.52,24.14,24.67
37,C17,,143.02,599.55,1328.48,1725.43,2611.99,0.0,0.0,0.0,0.0,0.63,16.14,0.3,17.25,0.12,18.91,0.08,16.45,0.13,14.7,0.18,14.31,0.0,0.0,5.97,0.05,0.4,0.26,0.04,0.36,0.09,0.24,0.09,0.19,0.08,0.12,0.12,0.09,23.65,0.0,16.17,11.78,19.71,35.15,0.0,32.01,0.0,2.38,16.7,22.04,16.6,12.48,9.79,9.12
38,C18,,744.04,5546.99,2560.07,2710.38,4294.29,0.0,0.0,0.0,0.0,0.0,0.0,0.0,0.0,226.3,0.01,0.11,5.58,0.08,12.19,0.05,17.61,0.0,0.0,0.0,0.0,0.0,0.0,0.25,0.05,0.15,0.11,0.15,0.11,0.1,0.1,0.11,0.1,11.18,0.0,9.31,9.65,0.0,0.29,0.0,7.84,0.0,0.0,0.35,2.75,9.1,11.98,13.01,14.36
39,C19,,2889.97,3391.75,3889.98,7175.75,5317.67,0.0,0.0,0.0,0.0,3051.17,0.0,5.34,0.72,0.18,6.38,0.12,7.93,0.08,8.7,0.05,15.66,0.0,0.0,0.0,0.0,0.0,0.0,1.58,0.01,0.57,0.05,0.24,0.09,0.1,0.14,0.14,0.14,5.3,0.0,11.09,13.7,0.0,0.0,0.0,1.54,5.7,18.81,14.01,11.25,8.84,8.53,10.97,11.2
40,C20,,16.51,2611.72,4873.51,1219.75,1343.43,20.54,12.42,1.74,36.62,0.25,41.61,0.18,28.53,0.15,23.29,0.23,19.74,0.22,18.99,0.17,22.74,0.0,0.0,0.0,0.0,0.0,0.0,0.0,0.0,5.54,0.0,0.18,0.04,0.06,0.07,0.07,0.05,0.17,0.0,4.98,6.78,0.0,0.0,0.0,0.0,0.0,0.61,10.12,13.2,15.27,16.38,17.93,16.7
41,G1,,8348.15,3250.32,1254.32,4932.51,4641.04,1.6,79.8,0.49,64.79,0.33,46.57,0.26,44.31,0.1,56.24,0.08,61.05,0.02,67.88,0.01,75.85,13.09,0.1,1.11,0.29,0.11,0.48,0.1,0.39,0.14,0.29,0.15,0.26,0.24,0.21,0.31,0.15,34.03,16.94,26.87,23.55,38.07,47.82,0.0,39.45,13.05,23.29,32.44,25.88,17.59,15.53,11.94,8.52
42,G2,,14862.73,14476.82,12356.88,19287.54,14149.11,1.45,87.69,0.35,91.03,0.2,78.09,0.02,78.35,0.01,76.59,0.04,70.73,0.04,64.19,0.04,66.07,0.0,0.0,50.08,0.01,0.6,0.17,0.37,0.17,0.33,0.19,0.27,0.24,0.17,0.27,0.15,0.25,0.0,0.0,0.0,0.0,0.0,0.0,0.0,0.0,0.0,0.0,5.07,5.62,6.13,9.06,13.91,13.67
43,G3,,11945.38,12162.14,8548.67,19410.56,11339.64,1.39,91.54,0.34,94.99,0.12,84.42,0.01,89.0,0.02,82.99,0.01,83.16,0.01,79.63,0.01,79.53,0.0,0.0,0.0,0.0,1.17,0.09,1.09,0.05,0.86,0.09,0.74,0.09,0.53,0.12,0.46,0.13,0.0,0.0,0.0,0.0,0.0,0.0,0.0,0.0,0.0,0.0,3.04,1.63,3.76,4.14,6.71,6.86
44,G4,,13479.55,11785.97,10084.05,16591.87,11551.6,132.72,0.96,2.41,26.45,0.5,30.38,0.13,50.12,0.08,55.15,0.08,54.57,0.11,50.44,0.07,55.59,1.39,0.92,0.47,0.68,0.08,0.6,0.06,0.42,0.06,0.37,0.09,0.37,0.07,0.39,0.1,0.33,0.0,0.0,0.0,0.0,0.0,0.0,0.0,0.0,36.46,20.99,19.15,16.23,17.66,20.85,22.83,19.37
45,G5,,11965.29,12364.46,8685.21,19665.64,11522.22,6.5,19.62,1.4,45.44,0.13,78.91,0.02,84.9,0.01,79.94,0.01,80.73,0.02,78.54,0.01,79.77,2.91,0.44,0.88,0.36,0.56,0.09,1.21,0.05,0.66,0.11,0.77,0.1,0.55,0.13,0.46,0.13,0.0,0.0,0.0,0.0,0.0,0.0,0.0,0.0,8.13,15.23,4.06,2.74,4.85,4.79,7.23,6.79
46,G6,,11967.51,12212.12,8594.3,19461.45,11388.61,1.43,89.45,0.36,89.08,0.06,83.92,0.01,88.78,0.01,82.39,0.01,83.11,0.02,79.52,0.01,79.64,0.0,0.0,23.59,0.01,1.19,0.09,0.82,0.05,0.75,0.09,0.74,0.09,0.5,0.12,0.45,0.13,0.0,0.0,0.0,0.0,0.0,0.0,0.0,0.0,0.0,0.0,3.14,1.76,4.09,4.15,6.78,6.83
47,G7,,13714.22,14156.59,11029.43,20610.86,13507.31,25.67,14.91,2.46,38.95,0.07,74.28,0.02,80.45,0.01,86.0,0.01,88.0,0.0,86.63,0.01,85.24,2.48,0.52,0.71,0.45,2.19,0.12,1.41,0.1,1.01,0.07,1.52,0.06,0.88,0.07,0.61,0.09,0.0,0.0,0.0,0.0,0.0,0.0,0.0,0.0,37.55,12.71,6.86,4.55,3.74,3.34,3.86,4.25
48,G8,,11305.96,12165.32,8156.85,19409.61,11210.37,3.09,41.32,1.28,49.81,0.17,61.71,0.07,58.12,0.04,67.08,0.04,69.32,0.02,76.62,0.01,79.77,3.06,0.42,0.92,0.35,2.32,0.18,0.66,0.25,0.54,0.2,0.43,0.2,0.44,0.16,0.5,0.12,0.0,0.0,0.0,0.0,0.0,0.0,0.0,0.0,14.95,12.56,7.29,15.84,12.65,10.96,8.02,6.68
49,G9,,11882.2,13442.72,9382.22,20283.47,12474.01,6.25,20.41,1.07,29.91,1.65,27.86,0.31,44.67,0.07,62.26,0.02,70.7,0.01,79.78,0.01,81.74,1.9,0.67,0.57,0.56,0.17,0.59,0.15,0.43,0.37,0.26,0.4,0.18,0.73,0.12,0.59,0.11,0.0,0.0,0.0,0.0,0.0,0.0,0.0,0.0,46.72,38.52,37.72,25.47,15.73,11.77,7.01,5.99
50,G10,,10662.19,13010.95,8589.74,18197.65,10957.77,1.98,64.41,0.4,79.66,0.06,86.07,0.03,79.7,0.01,83.75,0.02,81.76,0.01,81.41,0.01,79.56,4.27,0.3,2.83,0.11,5.23,0.07,1.27,0.13,1.31,0.11,1.07,0.11,0.88,0.11,0.71,0.13,0.0,0.0,0.0,0.0,0.0,0.0,0.0,0.0,6.3,2.62,2.38,4.74,3.62,4.39,5.59,6.74
51,G11,,10581.36,14897.41,10330.93,17411.6,9244.24,2.13,59.97,0.64,49.52,0.18,55.17,0.02,72.7,0.01,79.52,0.01,81.37,0.01,80.19,0.0,82.21,5.21,0.24,2.54,0.25,0.7,0.29,0.4,0.19,0.56,0.12,0.71,0.11,0.87,0.1,0.83,0.09,0.0,0.0,0.0,0.0,0.0,0.0,0.0,0.0,8.46,12.37,17.38,11.1,7.35,5.93,5.36,4.35
52,G12,,10480.01,14928.04,10357.0,17188.13,8990.99,23.62,16.2,1.66,38.39,0.31,49.95,0.04,69.12,0.01,77.37,0.02,78.49,0.01,80.4,0.0,82.18,1.84,0.69,2.18,0.44,0.44,0.35,0.38,0.2,0.56,0.13,0.63,0.12,0.88,0.1,0.8,0.08,0.0,0.0,0.0,0.0,0.0,0.0,0.0,0.0,39.77,30.02,21.93,11.85,7.72,6.51,4.88,4.18
53,G13,,912.85,6112.34,1571.4,2517.25,2544.36,0.0,0.0,0.0,0.0,0.0,0.0,0.0,0.0,0.32,1.8,0.05,6.3,0.03,13.73,0.05,12.01,0.0,0.0,0.0,0.0,0.0,0.0,0.0,0.0,0.0,0.0,7.35,0.0,0.63,0.01,0.53,0.01,28.55,16.98,29.43,29.35,20.82,30.66,18.52,29.25,15.44,11.03,17.46,13.83,11.92,11.13,12.05,12.32
54,G14,,1210.26,3421.4,1211.27,1449.05,1431.57,0.0,0.0,0.0,0.0,0.0,0.0,0.33,3.82,0.16,7.01,0.16,5.94,0.15,9.75,0.19,10.75,0.0,0.0,0.0,0.0,0.0,0.0,25.32,0.0,0.18,0.06,0.11,0.09,0.08,0.09,0.07,0.13,38.47,40.2,47.26,43.92,42.29,28.42,29.44,27.84,18.14,18.66,21.83,17.75,24.0,26.76,27.24,29.66
55,G15,,5228.22,4095.62,1273.72,288.94,986.25,2.67,47.72,0.69,46.28,0.27,57.02,0.04,66.7,0.1,63.68,0.08,61.98,0.05,61.28,0.04,64.62,9.22,0.28,1.99,0.32,1.64,0.12,0.99,0.1,0.47,0.16,0.23,0.21,0.19,0.23,0.18,0.22,12.96,32.55,19.7,23.07,20.18,9.67,17.07,9.45,10.09,16.35,9.39,8.71,11.9,14.17,14.63,12.8
56,G16,,4687.17,3881.43,884.7,1050.56,769.32,6.91,36.93,0.72,44.13,0.1,51.33,0.11,47.9,0.16,41.99,0.12,44.01,0.07,53.78,0.04,59.63,0.0,0.0,0.0,0.0,0.43,0.12,0.62,0.25,0.23,0.34,0.17,0.35,0.13,0.29,0.15,0.26,30.29,0.0,35.51,31.1,4.36,10.45,0.0,22.72,10.53,13.64,10.49,15.64,22.97,22.88,17.53,14.19
57,G17,,794.65,3251.33,1604.43,2137.97,4200.23,3.15,40.45,1.01,31.42,0.77,19.85,0.75,10.18,0.57,9.9,0.37,11.9,0.24,14.94,0.25,12.1,4.24,0.3,0.78,0.41,0.29,0.36,0.07,0.36,0.03,0.38,0.03,0.33,0.07,0.27,0.05,0.24,66.89,50.91,60.13,49.87,62.47,54.93,34.94,62.43,23.05,27.51,32.95,40.56,37.06,36.61,35.62,32.65
58,G18,,1425.48,1979.76,952.78,5235.11,16.3,6.27,20.34,1.4,22.79,1.92,15.91,0.26,24.12,0.26,28.75,0.25,28.25,0.3,25.76,0.35,25.91,0.0,0.0,2.05,0.16,0.2,0.26,0.41,0.09,0.38,0.09,0.23,0.14,0.09,0.23,0.08,0.32,8.36,1.61,12.29,19.57,22.8,18.98,0.0,9.42,9.83,14.92,22.78,13.43,13.04,15.87,23.77,28.85
59,G19,,748.0,4015.16,1765.63,2338.71,4055.4,11.95,10.67,5.91,5.39,0.65,15.81,0.05,24.51,0.02,24.66,0.04,21.91,0.1,15.89,0.15,13.1,0.0,0.0,0.0,0.0,1.83,0.03,1.83,0.01,0.6,0.02,0.28,0.06,0.08,0.13,0.06,0.14,14.68,9.19,21.66,33.79,9.92,10.21,3.39,11.34,3.44,10.9,4.92,4.1,6.07,9.86,20.5,26.28
60,G20,,685.57,2850.2,392.53,4746.19,2072.33,0.0,0.0,30.88,1.03,0.71,7.17,1.85,6.89,1.0,8.52,1.1,6.96,1.13,5.0,0.98,4.47,1.47,0.87,0.36,0.88,0.07,0.78,0.03,0.77,0.04,0.72,0.02,0.7,0.02,0.62,0.02,0.58,77.52,87.14,71.0,68.18,83.1,77.69,98.07,76.9,55.39,54.3,47.97,48.44,49.84,53.33,50.76,50.87
61,G21,,12504.6,9293.04,8760.35,13314.85,9354.99,1.28,100.0,0.32,99.38,0.16,93.28,0.07,78.45,0.06,71.42,0.03,73.38,0.05,68.77,0.04,67.59,0.0,0.0,0.0,0.0,2.01,0.05,0.34,0.11,0.2,0.2,0.25,0.19,0.17,0.23,0.17,0.24,0.0,0.0,0.0,0.0,0.0,0.0,0.0,0.0,0.0,0.0,1.19,5.85,10.09,9.19,12.73,13.67
62,G22,,10453.12,14389.03,9829.17,17372.23,9351.09,4.28,29.81,0.73,43.44,0.07,69.18,0.05,79.06,0.01,83.06,0.01,81.73,0.01,79.34,0.01,81.33,11.36,0.22,2.54,0.25,1.49,0.21,0.91,0.14,0.86,0.11,0.9,0.12,0.77,0.12,0.83,0.09,0.0,0.0,0.0,0.0,0.0,0.0,0.0,0.0,34.85,26.4,13.89,8.08,6.66,5.71,5.69,4.55
63,O1,,77.92,849.62,804.21,13472.37,27576.93,5.09,25.06,2.08,30.63,0.32,47.38,0.12,42.94,0.07,42.73,0.1,39.74,0.15,35.21,0.13,34.53,3.32,0.38,1.05,0.3,0.56,0.18,0.12,0.31,0.06,0.35,0.06,0.38,0.03,0.45,0.01,0.51,31.37,38.38,35.34,38.74,25.52,18.33,41.23,28.85,7.93,9.59,9.78,12.64,15.39,18.5,22.15,20.24
64,O2,,1864.45,3527.31,2018.86,16424.4,23645.55,1.6,79.65,1.4,45.42,1.08,23.54,0.77,13.28,1.37,10.35,0.96,11.32,0.71,14.96,0.35,22.91,23.97,0.11,1.31,0.49,0.14,0.72,0.03,0.84,0.01,0.87,0.01,0.86,0.01,0.8,0.01,0.67,83.99,10.79,87.49,86.17,58.88,71.92,0.0,78.87,18.98,15.45,21.35,22.98,23.29,23.56,24.29,23.13
65,O3,,1009.79,71.41,1702.68,12964.03,26387.52,28.38,4.49,3.55,8.99,1.22,12.57,0.98,12.99,0.56,14.23,0.44,16.56,0.43,15.63,0.29,19.27,1.39,0.91,1.13,0.56,0.43,0.36,0.06,0.42,0.05,0.45,0.04,0.53,0.02,0.61,0.01,0.61,46.98,91.31,49.49,56.09,55.44,44.42,100.0,41.29,28.91,20.35,38.7,36.19,30.94,28.43,27.27,26.56
66,O4,,1562.79,1387.96,205.72,15589.72,21668.56,1.82,70.16,1.26,50.67,0.17,29.16,0.92,16.71,0.85,14.05,0.72,15.13,0.53,17.81,0.47,18.24,6.18,0.21,0.71,0.45,0.15,0.66,0.09,0.7,0.02,0.68,0.03,0.63,0.02,0.58,0.02,0.59,70.48,20.74,68.52,65.06,51.55,68.17,0.0,76.52,5.99,13.15,17.23,27.08,28.9,29.42,28.74,28.17
67,O5,,1566.38,1287.78,212.42,15689.33,21572.4,1.46,87.29,0.51,62.51,0.19,26.43,1.14,16.84,0.79,14.42,0.75,14.92,0.55,18.22,0.45,18.47,0.0,0.0,3.53,0.18,0.16,0.65,0.11,0.68,0.02,0.68,0.03,0.64,0.03,0.58,0.02,0.58,68.62,0.0,68.87,65.16,29.48,67.58,0.0,75.33,0.46,9.89,18.67,27.12,29.07,29.57,28.71,27.95
68,O6,,1979.52,17474.37,4456.16,4970.89,26959.25,2.06,62.03,1.06,60.04,0.09,58.33,0.08,64.57,0.05,67.15,0.05,62.51,0.05,62.63,0.05,59.49,0.0,0.0,0.0,0.0,0.55,0.09,0.09,0.14,0.17,0.16,0.12,0.18,0.09,0.22,0.08,0.24,13.75,0.0,16.5,18.4,0.32,9.21,0.0,10.27,0.0,0.09,11.77,13.2,12.1,12.48,12.73,13.54
69,O7,,1061.26,19163.78,588.14,3437.92,23009.42,1.28,100.0,0.34,94.6,0.08,63.52,0.15,49.42,0.17,39.74,0.31,30.43,0.16,32.37,0.14,34.88,0.0,0.0,5.9,0.05,0.21,0.24,0.2,0.26,0.11,0.38,0.07,0.48,0.06,0.48,0.04,0.49,25.91,0.0,38.56,49.85,8.5,23.78,0.0,24.73,0.0,1.59,9.91,19.72,23.27,27.64,24.41,23.23
70,O8,,1589.94,15838.11,3484.69,6092.92,19129.08,1.48,86.25,0.44,72.2,0.09,59.39,0.2,44.02,0.18,35.4,0.23,31.26,0.18,23.88,0.19,21.47,0.0,0.0,2.39,0.13,0.15,0.34,0.14,0.47,0.08,0.45,0.09,0.39,0.06,0.36,0.05,0.34,47.23,0.0,44.78,39.31,19.59,34.48,0.0,39.96,0.47,4.81,10.4,17.16,19.03,30.32,61.61,80.26
71,O9,,1593.92,414.85,1497.26,11813.57,26732.06,4.56,27.97,2.15,29.62,0.29,35.69,0.25,20.37,0.5,13.72,0.46,13.29,0.44,11.69,0.36,14.88,0.0,0.0,0.0,0.0,8.58,0.01,0.19,0.27,0.08,0.43,0.05,0.49,0.01,0.59,0.01,0.61,32.77,0.0,46.79,51.16,1.67,2.7,0.0,20.3,46.63,49.01,38.48,35.58,33.93,33.0,32.86,32.18
72,O10,,1693.45,95.37,2440.22,12609.6,25768.33,8.11,31.44,1.2,26.66,0.32,15.77,0.63,12.2,0.59,11.51,0.69,8.73,0.54,12.42,0.52,12.72,1.63,0.78,0.4,0.79,0.07,0.78,0.02,0.64,0.04,0.56,0.02,0.6,0.01,0.62,0.01,0.63,63.92,78.28,58.1,62.84,79.16,78.04,59.61,72.83,23.79,15.77,21.51,29.47,31.94,31.05,31.08,31.16
73,O11,,1800.34,48.57,1289.12,14646.22,19636.73,3.56,35.86,1.19,26.83,2.1,14.54,1.41,18.14,0.93,18.86,0.81,18.42,0.57,18.95,0.46,19.96,0.0,0.0,0.0,0.0,0.97,0.21,0.11,0.55,0.08,0.65,0.03,0.7,0.02,0.62,0.02,0.56,55.63,0.0,65.43,69.71,0.0,21.19,0.0,41.87,32.01,45.24,43.19,28.59,24.44,26.16,30.2,28.58
74,O12,,2119.51,1317.32,584.53,16200.6,21549.35,1.78,71.78,0.75,42.41,0.89,28.6,1.01,19.03,0.86,16.55,0.6,19.74,0.42,20.43,0.54,16.16,9.96,0.26,1.24,0.51,0.3,0.51,0.05,0.71,0.03,0.73,0.02,0.69,0.02,0.65,0.01,0.66,72.16,39.51,73.11,69.37,63.42,53.16,23.12,59.54,6.43,19.29,34.16,27.71,27.67,25.04,25.05,27.55
75,O13,,3162.29,3030.55,1569.72,15970.18,19994.8,2.0,63.69,0.85,37.54,0.61,25.03,0.74,15.51,0.37,19.95,0.24,26.97,0.32,24.73,0.38,24.34,11.11,0.11,1.52,0.21,0.26,0.39,0.07,0.56,0.07,0.62,0.03,0.62,0.01,0.59,0.02,0.55,61.59,11.65,65.07,65.42,40.45,52.91,0.0,56.9,0.0,10.14,23.28,37.86,31.32,26.27,24.33,23.86
76,O14,,1747.01,2535.51,1000.92,3565.69,34814.1,0.0,0.0,138.47,0.23,1.24,8.2,1.0,11.49,0.6,13.27,0.49,13.57,0.32,16.59,0.32,22.63,9.11,0.14,1.39,0.46,0.07,0.71,0.04,0.61,0.06,0.51,0.05,0.48,0.04,0.46,0.04,0.43,60.72,14.13,51.1,48.2,56.75,71.35,0.0,63.84,31.36,40.7,38.63,39.54,41.86,46.28,48.56,46.59
77,O15,,1387.31,3701.89,1329.67,1897.58,30176.28,0.0,0.0,3.19,9.98,0.13,38.69,0.36,21.48,0.58,15.55,0.62,16.35,0.9,15.94,0.8,15.53,0.0,0.0,3.45,0.09,0.1,0.49,0.1,0.37,0.07,0.4,0.08,0.45,0.04,0.49,0.04,0.51,37.08,0.0,43.41,48.72,17.79,48.92,0.0,42.28,1.46,3.51,19.55,49.29,61.38,59.37,56.0,52.42
78,O16,,2078.69,7135.01,1006.83,4154.56,27103.02,1.82,70.26,0.68,46.96,1.15,22.14,0.56,27.27,0.53,24.68,0.54,20.81,0.44,20.71,0.4,23.52,0.0,0.0,0.0,0.0,0.48,0.32,0.15,0.41,0.09,0.42,0.08,0.46,0.05,0.47,0.05,0.45,41.26,0.0,41.93,46.56,0.9,31.88,0.0,39.38,2.35,14.17,32.0,36.38,39.19,41.9,44.85,40.88
79,O17,,1663.79,6836.72,1037.05,2568.93,29112.26,1.29,99.09,0.48,66.27,0.7,29.23,0.76,16.88,0.45,20.23,0.42,21.05,0.54,18.76,0.47,19.07,0.0,0.0,8.74,0.04,0.3,0.34,0.09,0.55,0.06,0.53,0.06,0.49,0.04,0.51,0.05,0.5,55.52,0.0,53.43,48.8,9.79,35.44,0.0,51.25,0.49,19.76,40.47,47.39,43.07,39.77,40.53,42.57
80,O18,,608.43,5770.33,3060.27,372.25,33208.44,2.15,59.31,0.77,41.59,0.7,21.84,0.57,20.02,0.31,22.28,0.51,18.91,0.4,17.37,0.33,20.38,3.84,0.33,1.17,0.54,0.28,0.55,0.25,0.41,0.15,0.46,0.07,0.51,0.05,0.51,0.04,0.48,40.78,33.34,46.12,51.15,61.83,54.86,11.02,38.46,29.68,47.89,64.48,55.95,53.42,54.72,53.84,49.49
81,O19,,3659.25,10915.99,1279.33,2850.24,43121.69,1.44,88.5,1.07,59.44,0.66,23.29,0.82,12.47,0.57,14.87,0.4,19.03,0.36,20.65,0.33,22.74,0.0,0.0,35.16,0.01,0.64,0.24,0.21,0.31,0.12,0.38,0.09,0.41,0.07,0.4,0.05,0.42,32.16,0.0,38.63,40.78,4.7,23.84,0.0,26.55,12.16,22.42,43.07,48.85,44.47,39.05,37.57,36.72
82,O20,,2628.47,2773.47,1939.16,16570.11,22165.9,3.61,35.33,3.73,17.07,1.71,8.95,1.09,14.05,0.47,19.27,0.6,17.46,0.55,16.97,0.5,17.01,3.99,0.64,0.8,0.79,0.12,0.82,0.05,0.77,0.02,0.76,0.03,0.71,0.01,0.74,0.01,0.74,76.59,63.9,75.79,70.95,83.02,81.73,70.0,79.12,7.64,14.31,23.39,23.25,20.14,23.67,25.08,25.91
83,T1,,1335.6,2527.79,3135.04,222.88,2189.89,1.83,69.63,0.5,63.16,0.1,51.19,0.05,46.98,0.1,39.47,0.07,31.49,0.21,22.24,0.24,22.31,4.17,0.31,0.82,0.39,0.22,0.23,0.14,0.27,0.05,0.33,0.05,0.36,0.03,0.47,0.02,0.48,32.72,36.29,41.45,53.64,27.59,22.15,23.58,28.15,23.27,24.77,18.8,21.89,26.85,30.6,41.25,39.5
84,T2,,47.72,3079.19,2686.4,4495.05,1810.44,1.57,81.04,0.51,62.9,0.07,76.56,0.04,72.59,0.06,64.99,0.03,64.13,0.04,60.77,0.09,47.62,11.07,0.12,1.63,0.2,0.47,0.11,0.39,0.06,0.18,0.12,0.08,0.15,0.07,0.16,0.02,0.21,29.66,31.8,29.66,33.19,31.61,16.4,5.22,24.01,0.0,1.34,0.86,7.09,11.7,12.04,12.97,17.45
85,T3,,793.42,3915.11,3080.85,3890.08,2570.42,1.28,100.0,0.32,100.0,0.07,77.42,0.09,71.11,0.1,65.38,0.08,60.2,0.08,50.85,0.07,47.73,0.0,0.0,0.0,0.0,0.0,0.0,0.0,0.0,0.15,0.04,0.16,0.06,0.07,0.08,0.03,0.13,32.48,0.0,39.99,43.82,3.44,22.7,0.0,27.49,0.0,0.0,6.61,7.81,10.59,13.23,17.73,19.33
86,T4,,961.25,2055.31,1435.48,100.18,4085.24,11.89,10.73,2.06,15.46,0.93,21.85,1.13,11.24,0.57,15.04,0.51,14.98,0.28,19.85,0.25,22.2,0.0,0.0,0.0,0.0,0.72,0.21,0.11,0.47,0.04,0.5,0.04,0.5,0.02,0.48,0.01,0.48,52.34,0.0,51.53,50.22,9.38,44.56,0.0,50.27,10.99,28.52,43.04,55.17,52.97,50.08,40.12,40.01
87,T5,,83.87,2094.62,2223.08,1732.53,4882.01,2.68,47.53,1.81,35.21,0.53,38.76,0.2,44.96,0.09,39.15,0.13,29.06,0.09,33.72,0.08,33.41,0.0,0.0,1.9,0.17,0.6,0.34,0.21,0.36,0.1,0.45,0.03,0.52,0.02,0.42,0.02,0.42,44.46,20.34,53.12,47.45,39.09,40.73,0.0,38.73,0.45,3.09,18.79,20.45,25.88,31.8,31.58,33.89
88,T6,,434.96,2369.44,2687.98,2820.91,5378.51,2.48,51.48,0.72,44.03,0.24,41.8,0.16,32.63,0.09,37.04,0.04,43.02,0.05,45.97,0.05,40.56,3.97,0.32,0.8,0.4,0.27,0.38,0.05,0.51,0.04,0.48,0.03,0.41,0.02,0.37,0.01,0.36,59.75,37.88,49.52,46.19,40.19,55.34,25.5,63.67,32.16,50.65,46.7,49.79,41.25,31.75,24.56,27.24
89,T7,,1929.66,2697.27,550.37,4199.73,4199.21,2.75,46.31,0.62,51.34,0.09,55.15,0.07,57.68,0.03,64.96,0.05,64.21,0.04,63.18,0.03,64.35,0.0,0.0,0.0,0.0,0.0,0.0,0.0,0.0,0.0,0.0,0.0,0.0,0.55,0.0,0.05,0.03,21.44,0.0,26.49,29.4,16.19,14.68,0.0,17.65,0.0,5.54,13.3,17.72,15.85,15.92,14.39,14.61
90,T8,,1876.54,1813.29,25.95,3452.31,4286.25,13.51,9.44,5.14,6.2,13.69,1.12,0.77,14.83,0.35,27.75,0.14,40.06,0.04,58.61,0.03,62.51,0.0,0.0,0.0,0.0,0.0,0.0,0.0,0.0,0.0,0.0,0.0,0.0,0.0,0.0,0.03,0.03,63.78,100.0,48.72,35.33,100.0,98.02,100.0,79.44,52.69,60.45,57.64,48.38,35.6,29.69,17.93,13.77
91,T9,,488.02,8455.11,272.24,2596.59,3130.14,0.0,0.0,0.0,0.0,0.0,0.0,49.96,0.05,0.58,2.92,0.89,2.86,0.47,8.37,0.4,11.2,1.28,1.0,0.32,1.0,0.05,1.0,0.01,0.99,0.01,0.88,0.0,0.83,0.0,0.76,0.0,0.68,89.14,100.0,82.86,77.49,100.0,100.0,100.0,97.53,67.13,65.09,56.74,49.25,42.85,39.86,38.77,35.11
92,T10,,11.04,9988.37,1870.09,5209.16,4836.49,8.6,29.67,1.36,46.91,0.15,68.7,0.02,75.29,0.01,65.58,0.02,59.5,0.05,46.69,0.08,41.44,5.57,0.23,4.56,0.14,0.6,0.17,0.19,0.2,0.04,0.3,0.03,0.37,0.02,0.48,0.02,0.54,30.67,17.59,38.93,47.85,14.79,17.82,26.51,22.0,6.55,3.31,4.93,5.6,13.21,17.61,24.72,26.92
93,T11,,92.41,9817.64,1598.55,4707.01,4488.74,0.0,0.0,49.8,0.64,0.36,28.63,0.07,37.63,0.06,38.05,0.05,39.65,0.08,35.94,0.12,33.41,1.28,1.0,0.32,0.99,0.07,0.71,0.02,0.58,0.02,0.6,0.01,0.59,0.0,0.61,0.01,0.63,61.25,100.0,59.29,60.24,79.46,60.11,100.0,60.03,14.84,29.37,29.41,28.16,30.04,28.94,32.38,32.2
94,T12,,3264.09,8845.73,485.06,5037.13,3025.1,105.64,2.41,67.78,2.35,29.12,1.75,26.64,0.77,4.59,3.33,1.59,7.21,0.33,21.75,0.15,30.55,0.0,0.0,0.0,0.0,0.0,0.0,0.0,0.0,0.0,0.0,0.0,0.0,0.0,0.0,0.45,0.0,99.71,100.0,94.3,81.11,100.0,100.0,100.0,100.0,22.22,36.01,52.23,58.22,53.39,48.31,38.33,33.43
95,T13,,511.66,5541.68,2316.51,1228.29,807.03,1.94,65.72,0.58,55.44,0.29,35.7,0.13,29.91,0.05,34.19,0.07,33.82,0.08,31.88,0.09,28.61,0.0,0.0,0.0,0.0,0.0,0.0,0.0,0.0,0.0,0.0,1.26,0.0,0.24,0.04,0.02,0.12,39.34,39.97,35.79,35.95,36.4,22.78,37.35,33.09,15.56,24.86,12.29,20.45,30.15,36.53,37.95,37.13
96,T14,,483.73,2668.27,1606.27,2341.53,1136.04,1.65,77.11,0.36,88.55,0.06,92.57,0.01,86.34,0.01,76.63,0.05,60.86,0.1,45.96,0.13,36.66,0.0,0.0,0.0,0.0,0.0,0.0,0.0,0.0,1.17,0.01,0.04,0.08,0.01,0.17,0.02,0.23,13.35,0.0,30.05,37.0,0.0,0.9,0.0,5.09,0.0,0.0,0.38,2.61,9.82,17.26,25.29,30.29
97,T15,,1841.5,3840.57,71.31,2627.29,4839.19,3.46,36.86,1.91,16.73,2.42,6.32,1.99,3.2,1.38,5.36,0.84,8.72,0.92,7.42,0.88,6.67,1.28,1.0,0.32,1.0,0.05,0.97,0.03,0.78,0.03,0.74,0.03,0.7,0.01,0.74,0.01,0.76,78.29,100.0,71.93,75.79,100.0,87.61,100.0,83.2,19.64,41.43,53.96,51.64,48.79,49.17,47.07,46.41
98,T16,,1452.67,3617.47,225.34,4496.29,2103.5,0.0,0.0,7.07,4.51,0.55,18.68,0.22,22.77,0.22,22.99,0.37,19.7,0.48,17.26,0.53,14.83,0.0,0.0,0.0,0.0,0.6,0.09,0.16,0.16,0.12,0.19,0.04,0.28,0.02,0.43,0.02,0.5,40.99,32.05,45.81,55.25,42.33,44.61,0.79,45.69,36.13,31.05,27.22,29.16,26.45,25.22,29.53,33.43
99,T17,,1426.96,3616.11,180.9,4537.86,2012.68,0.0,0.0,0.0,0.0,0.72,14.1,0.31,20.73,0.21,23.79,0.35,19.86,0.48,17.37,0.52,15.11,0.0,0.0,0.0,0.0,1.26,0.04,0.22,0.12,0.19,0.15,0.05,0.26,0.02,0.42,0.02,0.49,39.2,64.33,43.88,54.45,49.76,47.42,77.6,44.27,62.25,38.66,25.78,27.37,25.0,24.03,29.23,33.25
100,T18,,1635.29,3243.72,431.41,4456.84,1442.7,1.71,74.71,0.61,51.98,0.37,27.54,0.38,23.62,0.41,22.37,0.47,18.29,0.71,15.02,0.59,16.28,0.0,0.0,0.0,0.0,0.0,0.0,1.86,0.01,0.08,0.14,0.03,0.29,0.02,0.4,0.01,0.47,47.9,14.37,50.7,55.1,62.41,70.11,0.0,57.08,27.52,24.27,34.45,30.06,23.3,27.68,30.15,34.36
101,T19,,2079.33,2626.81,314.98,3894.94,1610.21,2.51,50.88,0.7,45.6,0.31,32.48,0.51,24.99,0.74,18.37,0.73,17.02,0.89,13.98,0.74,14.99,0.0,0.0,1.93,0.16,0.14,0.36,0.03,0.46,0.01,0.5,0.02,0.52,0.02,0.53,0.01,0.53,76.0,6.44,70.54,68.02,46.06,61.52,0.0,69.5,0.0,0.56,15.82,34.57,41.07,38.08,37.95,36.1
102,T20,,2152.31,2532.45,180.48,3864.28,1549.26,7.74,32.97,2.05,31.09,0.54,28.24,0.88,21.75,0.99,16.02,0.87,16.1,0.94,13.77,0.8,14.88,1.47,0.87,0.46,0.69,0.09,0.58,0.02,0.55,0.01,0.57,0.02,0.56,0.02,0.55,0.01,0.53,78.68,76.36,74.15,69.79,61.02,66.09,96.75,72.91,0.47,6.24,21.13,37.72,42.89,40.05,38.5,36.55
103,T22,,1815.48,2994.89,1510.73,1953.95,4352.86,1.66,76.69,0.63,50.92,0.76,26.83,0.49,23.28,0.5,20.5,0.47,17.46,0.58,12.98,0.6,12.36,9.05,0.14,0.67,0.48,0.1,0.53,0.22,0.41,0.13,0.47,0.07,0.53,0.03,0.6,0.02,0.67,53.65,37.09,63.12,65.9,82.81,57.57,3.43,51.65,0.0,5.37,15.72,32.75,38.64,41.32,43.35,45.32
104,T25,,1482.06,324.09,533.2,165.94,534.58,1.82,70.04,0.64,49.86,0.31,32.48,0.42,18.33,0.26,19.39,0.18,23.66,0.11,31.9,0.07,34.59,0.0,0.0,0.0,0.0,0.0,0.0,0.0,0.0,0.0,0.0,0.0,0.0,0.08,0.02,0.05,0.03,63.27,32.88,63.91,57.8,53.52,59.04,5.93,60.95,29.24,38.43,52.54,49.14,41.2,35.35,29.2,25.84
