userSiteCode,name,latitude,longitude,altitude
UGSX1WpWx,Agia,35.475978,23.933392,
UGSS4z213,Lambro,45.471108,9.254725,
UGSSBMmgU,Stadtpark,48.204152,16.380199,
UGStBkoSm,test,40.040774,-8.475168,
UGStmVWWn,test123,40.032283,-8.782165,
UGSArEP18,Akontisma,40.961041,24.527342,
UGSZuD8F7,Real - Braga,41.560944,-8.443169,
UGS7gtL8d,Kavala,40.941755,24.399868,
UGSZjDx1W,Koronia,40.667883,23.186052,
UGSEXfb1I,Touzla,40.798473,23.856544,
UGSB8cz3k,Kerdylia,40.798738,23.861813,
UGSnrixRa,Guarda test,40.545878,-7.28215,
UGSsuJ6nn,Kefalari,41.06342,24.266461,
UGSVqeDpq,Talaide,38.737691,-9.310691,
UGSFWYk7c,Mournies,35.483533,24.006243,
UGSacbzEZ,Test,38.737399,-9.314856,
UGSRrw2lz,Besós River - Sant Adriá de Besos,41.430169,2.214458,
UGSiz2TsV,Wien Kanal,48.185713,16.32088,
UGSPy0wEl,Lievegem1,51.093639,3.58342,
UGSjGAqoM,Le Rionzi,46.53904,6.629157,
UGS8FKgH1,Rio Uíma,41.013122,-8.501971,
UGSaLGbB5,Scheldt 1,51.004278,3.805355,
UGSXyzgb2,Random,51.167392,3.769811,
UGSXAf9Oo,fgdgh,50.713695,11.056517,
UGSfkgDW8,Coupure links,51.053453,3.709566,
UGStMFsfY,Almyros,35.333717,25.047975,
UGSWeRnWd,Gazanos,35.336333,25.065696,
UGS26BuwM,Amygdaleonas,41.000256,24.304003,
UGSjdeatH,Ribeira dos Fornos,40.268752,-8.436633,
UGSHywCgu,Ribeira Vilela,40.268631,-8.436751,
UGSd4wTJX,Ponte de Vilela,39.9361,-7.105286,
UGSo1AT7j,Ponte de Vilela,40.270562,-8.434539,
UGSPSCY1s,san joaquin river,37.981565,-121.386144,
UGSskmrPI,Astrikas,35.46449,23.743953,
UGSUA57Uj,San Leandro Creek,37.732402,-122.198479,
UGSQYf5EG,le riou,43.662072,1.391507,
UGSW5WcAz,X1,51.15267,3.594376,
UGS29TcnV,Test1,51.177555,3.532602,
UGSkandnG,Site 1,50.792787,3.762502,
UGSBgOAh8,Site1,50.784256,3.758324,
UGSKKBvfO,Zwalm_s1,50.784301,3.758301,
UGSLcwfcB,Site 1,50.784328,3.758265,
UGSwz2GMc,Zwalm upstream ww -group2,50.813456,3.779935,
UGS59yl0D,Zwalmbeek before WTP,50.813472,3.779873,
UGSvn71Y7,Zwalm upstream WWTP,50.813445,3.779922,
UGSFK50dH,Site 3,50.813471,3.779874,
UGSplbYR5,Site 2,50.813441,3.779926,
UGSP5B2qU,Site 3,50.813886,3.78076,
UGSF1TFCD,Site 3,50.813916,3.780776,
UGSDKCnq9,Site 3,50.814015,3.780589,
UGSfGAXxj,Site 3,50.814014,3.780882,
UGSv85okM,Site 3,50.811727,3.783849,
UGSYR4SQX,Site 32,50.814014,3.780882,
UGS73LhGl,Site 3,50.813729,3.780665,
UGSSySekY,Site 2,50.813446,3.77994,
UGSdbQb6H,Zwalm,3.714075,50.883987,
UGSUvoWHe,S4,50.883788,3.713794,
UGSjTwRi0,Ijzerkotmolen,50.883798,3.714345,
UGS63tiC9,San Jose,37.33548,-121.893028,
UGSNzMF7a,Riacho UTFPR Ecoville,-25.443198,-49.354184,
UGSamiVjV,Ribeirão do Mueller,-25.436872,-49.359575,
UGSBNcqbs,Rio Pilarzinho,-49.274376,-25.414426,
UGScPO0Op,PR1 MATINHOS,-25.8122,-48.53651,
UGSBFJAIQ,"Rio Iguaçu, próximo a Ponte Manoel Ribas - União da Vitória",-26.217,-51.0971,
UGSJpSkVB,Rio Lava Pés,-25.554714,-49.187469,
UGSvPgGh8,Rio Pilarzinho,-49.274376,-25.414426,
UGSnUJXcd,Fountain Creek - Monument Valley Park,38.8523,-104.8289,
UGS2ZyOzY,Monument Creek - Bijou Street,38.8365,-104.833,
UGSKNF3j2,Cheyenne Creek - Stratton Park,38.7896,-104.841,
UGSn0Jblk,Ribeirão Anicuns,-16.65402,-49.285598,
UGS05o4PR,This site,22.652373,88.436423,
