siteCode,minTemperatureC,meanTemperatureC,maxTemperatureC,minPrecipitationMm,meanPrecipitationMm,maxPrecipitationMm
C1,-0.72,16.18967168262655,38.06,0.0,2.5165389876880937,45.28
C2,-0.72,16.18967168262655,38.06,0.0,2.5165389876880937,45.28
C3,-0.72,16.18967168262655,38.06,0.0,2.5165389876880937,45.28
C4,-0.72,16.18967168262655,38.06,0.0,2.5165389876880937,45.28
C5,-0.72,16.18967168262655,38.06,0.0,2.5165389876880937,45.28
C6,-0.72,16.18967168262655,38.06,0.0,2.5165389876880937,45.28
C7,-2.41,15.617975376197002,38.63,0.0,2.9395075239398074,52.62
C8,-0.72,16.18967168262655,38.06,0.0,2.5165389876880937,45.28
C9,-0.72,16.18967168262655,38.06,0.0,2.5165389876880937,45.28
C10,-0.72,16.18967168262655,38.06,0.0,2.5165389876880937,45.28
C11,-0.72,16.18967168262655,38.06,0.0,2.5165389876880937,45.28
C12,-0.72,16.18967168262655,38.06,0.0,2.5165389876880937,45.28
C13,-1.3,15.932380300957577,38.74,0.0,2.4419835841313264,53.32
C14,-1.3,15.932380300957577,38.74,0.0,2.4419835841313264,53.32
C15,-1.3,15.932380300957577,38.74,0.0,2.4419835841313264,53.32
C16,-0.72,16.18967168262655,38.06,0.0,2.5165389876880937,45.28
C17,-2.29,15.371422708618324,38.92,0.0,2.828454172366616,55.2
C18,-0.72,16.18967168262655,38.06,0.0,2.5165389876880937,45.28
C19,-2.41,15.617975376197002,38.63,0.0,2.9395075239398074,52.62
C20,-0.72,16.18967168262655,38.06,0.0,2.5165389876880937,45.28
T21,-5.86,14.710971272229829,40.63,0.0,2.3601778385772896,29.66
T24,-5.86,14.710971272229829,40.63,0.0,2.3601778385772896,29.66
G2,-6.18,12.012380300957592,33.61,0.0,2.707058823529411,28.91
BN1,-3.6,15.684062927496576,37.16,0.0,3.1221477428180573,55.94
BN2,-3.6,15.684062927496576,37.16,0.0,3.1221477428180573,55.94
BN3,-3.6,15.684062927496576,37.16,0.0,3.1221477428180573,55.94
BN4,-3.6,15.684062927496576,37.16,0.0,3.1221477428180573,55.94
BN5,-3.6,15.684062927496576,37.16,0.0,3.1221477428180573,55.94
BN6,-3.6,15.684062927496576,37.16,0.0,3.1221477428180573,55.94
BN7,-3.6,15.684062927496576,37.16,0.0,3.1221477428180573,55.94
BN8,-3.6,15.684062927496576,37.16,0.0,3.1221477428180573,55.94
BN9,-3.6,15.684062927496576,37.16,0.0,3.1221477428180573,55.94
BN10,-3.6,15.684062927496576,37.16,0.0,3.1221477428180573,55.94
BN11,-3.6,15.684062927496576,37.16,0.0,3.1221477428180573,55.94
BN12,-3.6,15.684062927496576,37.16,0.0,3.1221477428180573,55.94
BN13,-3.6,15.684062927496576,37.16,0.0,3.1221477428180573,55.94
BN14,-3.6,15.684062927496576,37.16,0.0,3.1221477428180573,55.94
BN15,-3.6,15.684062927496576,37.16,0.0,3.1221477428180573,55.94
BN16,-3.6,15.684062927496576,37.16,0.0,3.1221477428180573,55.94
BN17,-3.6,15.684062927496576,37.16,0.0,3.1221477428180573,55.94
BN18,-3.6,15.684062927496576,37.16,0.0,3.1221477428180573,55.94
BN19,-3.6,15.684062927496576,37.16,0.0,3.1221477428180573,55.94
BN20,-3.12,15.076032831737354,38.21,0.0,2.3503830369357,35.38
G6,-6.18,12.012380300957592,33.61,0.0,2.707058823529411,28.91
T1,-5.86,14.710971272229829,40.63,0.0,2.3601778385772896,29.66
T3,-5.86,14.710971272229829,40.63,0.0,2.3601778385772896,29.66
G8,-6.18,12.012380300957592,33.61,0.0,2.707058823529411,28.91
G9,-6.18,12.012380300957592,33.61,0.0,2.707058823529411,28.91
G10,-6.18,12.012380300957592,33.61,0.0,2.707058823529411,28.91
G22,-6.18,12.012380300957592,33.61,0.0,2.707058823529411,28.91
G11,-6.18,12.012380300957592,33.61,0.0,2.707058823529411,28.91
G12,-6.18,12.012380300957592,33.61,0.0,2.707058823529411,28.91
G13,-5.96,12.120191518467855,33.13,0.0,2.674172366621065,25.63
G14,-5.96,12.120191518467855,33.13,0.0,2.674172366621065,25.63
G15,-5.96,12.120191518467855,33.13,0.0,2.674172366621065,25.63
G16,-5.96,12.120191518467855,33.13,0.0,2.674172366621065,25.63
G17,-5.96,12.120191518467855,33.13,0.0,2.674172366621065,25.63
G18,-5.96,12.120191518467855,33.13,0.0,2.674172366621065,25.63
O17,-27.44,6.710683994528045,30.07,0.0,3.1544049247606063,43.91
G1,-5.96,12.120191518467855,33.13,0.0,2.674172366621065,25.63
G4,-6.18,12.012380300957592,33.61,0.0,2.707058823529411,28.91
G21,-6.18,12.012380300957592,33.61,0.0,2.707058823529411,28.91
G5,-6.18,12.012380300957592,33.61,0.0,2.707058823529411,28.91
T2,-5.86,14.710971272229829,40.63,0.0,2.3601778385772896,29.66
G19,-5.96,12.120191518467855,33.13,0.0,2.674172366621065,25.63
G20,-5.96,12.120191518467855,33.13,0.0,2.674172366621065,25.63
G3,-6.18,12.012380300957592,33.61,0.0,2.707058823529411,28.91
T5,-5.86,14.710971272229829,40.63,0.0,2.3601778385772896,29.66
T6,-5.86,14.710971272229829,40.63,0.0,2.3601778385772896,29.66
T7,-5.86,14.710971272229829,40.63,0.0,2.3601778385772896,29.66
T8,-5.86,14.710971272229829,40.63,0.0,2.3601778385772896,29.66
T9,-5.86,14.710971272229829,40.63,0.0,2.3601778385772896,29.66
T15,-5.86,14.710971272229829,40.63,0.0,2.3601778385772896,29.66
G7,-6.18,12.012380300957592,33.61,0.0,2.707058823529411,28.91
O1,-25.28,5.706935704514366,28.71,0.0,3.345909712722304,46.76
O2,-25.28,5.706935704514366,28.71,0.0,3.345909712722304,46.76
O3,-25.28,5.706935704514366,28.71,0.0,3.345909712722304,46.76
O5,-27.44,6.710683994528045,30.07,0.0,3.1544049247606063,43.91
O4,-27.44,6.710683994528045,30.07,0.0,3.1544049247606063,43.91
O6,-25.88,6.623844049247616,29.53,0.0,3.036771545827636,41.13
O7,-27.44,6.710683994528045,30.07,0.0,3.1544049247606063,43.91
O8,-27.44,6.710683994528045,30.07,0.0,3.1544049247606063,43.91
O9,-25.28,5.706935704514366,28.71,0.0,3.345909712722304,46.76
O10,-25.28,5.706935704514366,28.71,0.0,3.345909712722304,46.76
O11,-27.44,6.710683994528045,30.07,0.0,3.1544049247606063,43.91
O12,-27.44,6.710683994528045,30.07,0.0,3.1544049247606063,43.91
O13,-25.28,5.706935704514366,28.71,0.0,3.345909712722304,46.76
O14,-25.28,5.706935704514366,28.71,0.0,3.345909712722304,46.76
O15,-27.44,6.710683994528045,30.07,0.0,3.1544049247606063,43.91
O16,-27.44,6.710683994528045,30.07,0.0,3.1544049247606063,43.91
O18,-25.88,6.623844049247616,29.53,0.0,3.036771545827636,41.13
O19,-23.88,6.0082489740082154,28.85,0.0,3.1704924760601925,44.98
O20,-25.28,5.706935704514366,28.71,0.0,3.345909712722304,46.76
T10,-6.12,14.646798905608755,40.65,0.0,2.3974965800273567,35.67
T12,-5.86,14.710971272229829,40.63,0.0,2.3601778385772896,29.66
T13,-5.86,14.710971272229829,40.63,0.0,2.3601778385772896,29.66
T14,-5.86,14.710971272229829,40.63,0.0,2.3601778385772896,29.66
T17,-5.86,14.710971272229829,40.63,0.0,2.3601778385772896,29.66
T18,-5.86,14.710971272229829,40.63,0.0,2.3601778385772896,29.66
T19,-5.86,14.710971272229829,40.63,0.0,2.3601778385772896,29.66
T20,-5.86,14.710971272229829,40.63,0.0,2.3601778385772896,29.66
T4,-5.86,14.710971272229829,40.63,0.0,2.3601778385772896,29.66
T11,-6.12,14.646798905608755,40.65,0.0,2.3974965800273567,35.67
T25,-5.86,14.710971272229829,40.63,0.0,2.3601778385772896,29.66
T16,-5.86,14.710971272229829,40.63,0.0,2.3601778385772896,29.66
T22,-5.86,14.710971272229829,40.63,0.0,2.3601778385772896,29.66
